응답자ID,조사시작일자,성별구분코드,연령대구분명,답변자거주지역명,가구소득정도명,레저시간사용목적1순위값,레저시간사용목적2순위값,평일일평균레저시간값,주말일평균레저시간값,레저시간휴식오락사용비율,레저시간취미사용비율,레저시간본인계발사용비율,레저시간대인관계교제사용비율,레저시간기타사용비율,관심레저활동1순위값,관심레저활동2순위값,관심레저활동3순위값,관심레저활동4순위값,관심레저활동5순위값
236099,20240424,M,20대,서울특별시,700만원 이상,스트레스 해소를 위해,남는 시간을 보내기 위해,2,10,50,20,5,25,0,게임,볼링_ 당구-포켓볼 직접 하기,구기스포츠 직접 하기,친구-이성친구 만남,낮잠자기
289713,20240424,M,20대,대전광역시,300만원 미만,마음의 안정-휴식을 위해,스트레스 해소를 위해,2,10,10,60,10,20,0,헬스-보디빌딩 직접 하기,걷기-속보-조깅 직접 하기,독서,게임,친구-이성친구 만남
306059,20240424,M,20대,세종특별자치시,300만원 미만,마음의 안정-휴식을 위해,스트레스 해소를 위해,3,7,50,30,20,0,0,산책-걷기,없음,없음,없음,없음
332896,20240424,F,30대,서울특별시,300만원 미만,자기 계발을 위해,건강 관리를 위해,3,10,10,40,30,20,0,헬스-보디빌딩 직접 하기,어학-기술-자격증 취득,영상 컨텐츠 시청,등산 직접 하기,친구-이성친구 만남
335203,20240424,M,20대,부산광역시,300이상500만원 미만,자기만족-즐거움을 위해,건강 관리를 위해,4,10,40,15,30,15,0,독서,등산 직접 하기,없음,없음,없음
343457,20240424,M,40대,서울특별시,300이상500만원 미만,가족-지인 등과 시간을 보내기 위해,스트레스 해소를 위해,1,2,50,30,0,20,0,맛집-카페 탐방,라켓스포츠 직접 하기,국내 여행,축제 참가,기타 문화예술관람
347539,20240424,M,20대,경기도,300만원 미만,스트레스 해소를 위해,자기 계발을 위해,5,15,50,20,10,20,0,게임,SNS -인터넷 커뮤니티 활동,맛집-카페 탐방,헬스-보디빌딩 직접 하기,미술관-전시관 관람
368740,20240424,M,20대,서울특별시,500이상700만원 미만,자기만족-즐거움을 위해,남는 시간을 보내기 위해,6,12,50,0,0,50,0,게임,헬스-보디빌딩 직접 하기,친구-이성친구 만남,만화책 보기,e스포츠 영상 시청
379871,20240424,M,20대,전라남도,300만원 미만,가족-지인 등과 시간을 보내기 위해,마음의 안정-휴식을 위해,3,8,20,20,10,50,0,수다-잡담하기,사진 촬영,국내 여행,드라이브,가족-친지 만남
387817,20240424,F,20대,경기도,무응답,마음의 안정-휴식을 위해,건강 관리를 위해,4,8,50,50,0,0,0,SNS -인터넷 커뮤니티 활동,무도-격투기 직접 하기,영화관 관람,음악 직접 활동 및 수강하기,미술관-전시관 관람
392528,20240424,F,30대,서울특별시,300만원 미만,남는 시간을 보내기 위해,자기만족-즐거움을 위해,1,1,20,20,20,40,0,춤-무용 직접 활동 및 수강하기,없음,없음,없음,없음
410595,20240424,M,20대,경상남도,300만원 미만,대인 관계-교제를 위해,자기 계발을 위해,5,8,5,5,80,10,0,인테리어,어학-기술-자격증 취득,수다-잡담하기,친구-이성친구 만남,음악 공연 관람
411711,20240424,M,20대,광주광역시,300이상500만원 미만,건강 관리를 위해,남는 시간을 보내기 위해,2,1,15,25,35,25,0,격투 스포츠 영상 시청,보드게임-퍼즐-바둑-장기-체스 등,없음,없음,없음
412680,20240424,F,30대,경기도,300이상500만원 미만,마음의 안정-휴식을 위해,스트레스 해소를 위해,8,12,100,0,0,0,0,낮잠자기,사진 촬영,없음,없음,없음
421014,20240424,M,40대,경기도,500이상700만원 미만,마음의 안정-휴식을 위해,건강 관리를 위해,2,6,70,20,0,10,0,헬스-보디빌딩 직접 하기,없음,없음,없음,없음
421494,20240424,M,20대,인천광역시,700만원 이상,마음의 안정-휴식을 위해,자기만족-즐거움을 위해,3,6,50,0,0,50,0,영상 컨텐츠 시청,만화책 보기,산책-걷기,해외여행,없음
422188,20240424,M,20대,울산광역시,300만원 미만,스트레스 해소를 위해,남는 시간을 보내기 위해,10,15,80,0,0,20,0,갬블,게임,낮잠자기,없음,없음
422723,20240424,M,20대,대구광역시,300만원 미만,마음의 안정-휴식을 위해,건강 관리를 위해,6,0,60,0,0,40,0,음악 직접 활동 및 수강하기,없음,없음,없음,없음
424076,20240424,M,20대,경기도,300이상500만원 미만,대인 관계-교제를 위해,남는 시간을 보내기 위해,2,5,20,20,20,40,0,친구-이성친구 만남,수다-잡담하기,없음,없음,없음
424656,20240424,M,20대,부산광역시,500이상700만원 미만,자기만족-즐거움을 위해,가족-지인 등과 시간을 보내기 위해,3,7,40,30,10,20,0,SNS -인터넷 커뮤니티 활동,영상 컨텐츠 시청,라켓스포츠 직접 하기,국내 프로스포츠 영상 시청,드라이브
426032,20240424,M,20대,강원도,300만원 미만,자기만족-즐거움을 위해,자기 계발을 위해,3,8,20,20,20,40,0,어학-기술-자격증 취득,헬스-보디빌딩 직접 하기,독서,산책-걷기,음악-라디오 감상
429389,20240424,M,20대,경기도,300만원 미만,가족-지인 등과 시간을 보내기 위해,자기만족-즐거움을 위해,2,7,20,30,20,30,0,국내 여행,국내 프로스포츠 현장 관람,볼링_ 당구-포켓볼 직접 하기,없음,없음
435613,20240424,M,20대,제주특별자치도,700만원 이상,마음의 안정-휴식을 위해,자기만족-즐거움을 위해,5,8,30,40,0,30,0,영상 컨텐츠 시청,게임,구기스포츠 직접 하기,친구-이성친구 만남,e스포츠 영상 시청
439207,20240424,F,30대,경기도,300만원 미만,남는 시간을 보내기 위해,마음의 안정-휴식을 위해,2,10,90,0,2,8,0,영상 컨텐츠 시청,낮잠자기,수다-잡담하기,없음,없음
451730,20240424,M,20대,제주특별자치도,500이상700만원 미만,마음의 안정-휴식을 위해,가족-지인 등과 시간을 보내기 위해,3,12,50,20,0,30,0,낮잠자기,드라이브,만화책 보기,음악-라디오 감상,친구-이성친구 만남
451783,20240424,F,20대,경기도,700만원 이상,가족-지인 등과 시간을 보내기 위해,스트레스 해소를 위해,5,9,40,10,0,50,0,수다-잡담하기,맛집-카페 탐방,SNS -인터넷 커뮤니티 활동,산책-걷기,없음
451833,20240424,M,20대,서울특별시,300이상500만원 미만,스트레스 해소를 위해,마음의 안정-휴식을 위해,5,16,70,15,10,5,0,쇼핑,영상 컨텐츠 시청,SNS -인터넷 커뮤니티 활동,게임,산책-걷기
452906,20240424,M,20대,인천광역시,300만원 미만,가족-지인 등과 시간을 보내기 위해,자기 계발을 위해,3,10,20,20,10,50,0,걷기-속보-조깅 직접 하기,헬스-보디빌딩 직접 하기,없음,없음,없음
455632,20240424,F,30대,서울특별시,300이상500만원 미만,마음의 안정-휴식을 위해,자기만족-즐거움을 위해,2,3,50,20,10,20,0,산책-걷기,없음,없음,없음,없음
458325,20240424,M,30대,인천광역시,300만원 미만,자기만족-즐거움을 위해,스트레스 해소를 위해,7,14,30,20,0,50,0,국내 프로스포츠 현장 관람,게임,걷기-속보-조깅 직접 하기,낮잠자기,산책-걷기
458700,20240424,M,20대,서울특별시,500이상700만원 미만,자기만족-즐거움을 위해,건강 관리를 위해,3,5,60,20,10,10,0,박물관 관람,산책-걷기,없음,없음,없음
460112,20240424,M,20대,경기도,700만원 이상,대인 관계-교제를 위해,건강 관리를 위해,5,10,30,30,10,30,0,국내 여행,영화관 관람,해외 프로스포츠 영상 시청,만화책 보기,게임
464744,20240424,M,20대,서울특별시,300만원 미만,자기만족-즐거움을 위해,가족-지인 등과 시간을 보내기 위해,4,8,5,5,35,55,0,어학-기술-자격증 취득,e스포츠 영상 시청,없음,없음,없음
465701,20240424,M,20대,강원도,300이상500만원 미만,스트레스 해소를 위해,마음의 안정-휴식을 위해,2,2,30,30,30,10,0,무용 공연 관람,익스트림스포츠 직접하기,없음,없음,없음
467471,20240424,M,20대,부산광역시,300이상500만원 미만,자기만족-즐거움을 위해,스트레스 해소를 위해,6,6,50,50,0,0,0,게임,만화책 보기,음악-라디오 감상,없음,없음
469561,20240424,M,20대,인천광역시,300만원 미만,스트레스 해소를 위해,자기 계발을 위해,5,14,50,20,0,30,0,구기스포츠 직접 하기,SNS -인터넷 커뮤니티 활동,없음,없음,없음
473330,20240424,M,20대,부산광역시,500이상700만원 미만,대인 관계-교제를 위해,건강 관리를 위해,2,8,20,20,30,30,0,기타 자기계발-자기관리,해외 프로스포츠 영상 시청,헬스-보디빌딩 직접 하기,영상 컨텐츠 시청,독서
53322248,20240424,M,30대,서울특별시,700만원 이상,자기 계발을 위해,대인 관계-교제를 위해,1,4,5,5,50,40,0,친구-이성친구 만남,신문-잡지보기,라켓스포츠 직접 하기,SNS -인터넷 커뮤니티 활동,없음
53322261,20240424,M,60대,서울특별시,300이상500만원 미만,건강 관리를 위해,자기만족-즐거움을 위해,16,8,20,70,0,10,0,산책-걷기,등산 직접 하기,해외여행,없음,없음
53322272,20240424,M,60대,서울특별시,500이상700만원 미만,자기만족-즐거움을 위해,건강 관리를 위해,3,5,15,60,5,20,0,친구-이성친구 만남,등산 직접 하기,산책-걷기,계모임-동창회-사교모임,기타 취미-오락-휴식
53322452,20240424,F,60대,서울특별시,300이상500만원 미만,건강 관리를 위해,마음의 안정-휴식을 위해,5,7,30,30,20,10,10,산책-걷기,음악-라디오 감상,걷기-속보-조깅 직접 하기,독서,수다-잡담하기
53322501,20240424,M,60대,서울특별시,300이상500만원 미만,자기만족-즐거움을 위해,마음의 안정-휴식을 위해,2,0,70,0,0,0,30,국내 여행,없음,없음,없음,없음
53322652,20240424,F,40대,경기도,300만원 미만,자기만족-즐거움을 위해,남는 시간을 보내기 위해,3,8,90,0,0,10,0,걷기-속보-조깅 직접 하기,맛집-카페 탐방,종교활동,없음,없음
53322759,20240424,M,30대,서울특별시,300이상500만원 미만,가족-지인 등과 시간을 보내기 위해,마음의 안정-휴식을 위해,2,6,20,20,10,50,0,영화관 관람,SNS -인터넷 커뮤니티 활동,게임,드라이브,산책-걷기
53323024,20240424,F,20대,경상북도,300만원 미만,자기만족-즐거움을 위해,가족-지인 등과 시간을 보내기 위해,6,10,60,10,10,20,0,e스포츠 영상 시청,게임,가족-친지 만남,만화책 보기,수다-잡담하기
53323089,20240424,F,60대,서울특별시,300이상500만원 미만,마음의 안정-휴식을 위해,건강 관리를 위해,0,2,20,20,20,40,0,미술관-전시관 관람,없음,없음,없음,없음
53323176,20240424,M,60대,경기도,300이상500만원 미만,자기만족-즐거움을 위해,건강 관리를 위해,1,2,50,30,0,20,0,국내 여행,걷기-속보-조깅 직접 하기,드라이브,등산 직접 하기,국내 프로스포츠 영상 시청
53323301,20240424,M,30대,서울특별시,700만원 이상,가족-지인 등과 시간을 보내기 위해,마음의 안정-휴식을 위해,2,2,10,5,5,80,0,산책-걷기,e스포츠 영상 시청,국내 여행,해외여행,없음
53323309,20240424,M,30대,서울특별시,300이상500만원 미만,대인 관계-교제를 위해,건강 관리를 위해,2,8,30,40,0,30,0,등산 직접 하기,산책-걷기,수다-잡담하기,친구-이성친구 만남,맛집-카페 탐방
53323480,20240424,M,20대,서울특별시,700만원 이상,건강 관리를 위해,마음의 안정-휴식을 위해,3,5,50,0,0,0,50,줄넘기-맨손체조-스트레칭 직접 하기,게임,걷기-속보-조깅 직접 하기,낮잠자기,어학-기술-자격증 취득
53323483,20240424,M,20대,서울특별시,300만원 미만,마음의 안정-휴식을 위해,자기만족-즐거움을 위해,2,8,60,10,5,25,0,영상 컨텐츠 시청,국내 프로스포츠 영상 시청,SNS -인터넷 커뮤니티 활동,없음,없음
53323829,20240424,M,60대,서울특별시,700만원 이상,건강 관리를 위해,마음의 안정-휴식을 위해,4,5,20,50,10,20,0,등산 직접 하기,영화관 관람,종교활동,국내 여행,없음
53324238,20240424,M,60대,서울특별시,300이상500만원 미만,마음의 안정-휴식을 위해,가족-지인 등과 시간을 보내기 위해,3,3,20,20,30,30,0,라켓스포츠 직접 하기,신문-잡지보기,가족-친지 만남,등산 직접 하기,독서
53324526,20240424,F,20대,전라남도,700만원 이상,대인 관계-교제를 위해,자기만족-즐거움을 위해,4,4,50,30,0,20,0,가족-친지 만남,영상 컨텐츠 시청,산책-걷기,등산 직접 하기,요가-필라테스 직접 하기
53324571,20240424,F,40대,서울특별시,300만원 미만,자기만족-즐거움을 위해,마음의 안정-휴식을 위해,3,4,80,0,0,20,0,영화관 관람,국내 여행,쇼핑,없음,없음
53324588,20240424,F,40대,서울특별시,500이상700만원 미만,마음의 안정-휴식을 위해,가족-지인 등과 시간을 보내기 위해,1,3,90,0,10,0,0,낮잠자기,쇼핑,줄넘기-맨손체조-스트레칭 직접 하기,산책-걷기,없음
53324638,20240424,M,50대,서울특별시,300만원 미만,마음의 안정-휴식을 위해,자기만족-즐거움을 위해,3,4,70,0,0,30,0,볼링_ 당구-포켓볼 직접 하기,국내 여행,없음,없음,없음
53324768,20240424,F,40대,서울특별시,500이상700만원 미만,가족-지인 등과 시간을 보내기 위해,자기만족-즐거움을 위해,1,6,40,20,20,20,0,영상 컨텐츠 시청,SNS -인터넷 커뮤니티 활동,산책-걷기,독서,수다-잡담하기
53324810,20240424,F,60대,서울특별시,300만원 미만,마음의 안정-휴식을 위해,스트레스 해소를 위해,0,3,50,0,0,50,0,계모임-동창회-사교모임,걷기-속보-조깅 직접 하기,친구-이성친구 만남,등산 직접 하기,독서
53325101,20240424,F,30대,서울특별시,무응답,자기만족-즐거움을 위해,가족-지인 등과 시간을 보내기 위해,2,2,50,50,0,0,0,산책-걷기,없음,없음,없음,없음
53325121,20240424,F,60대,서울특별시,700만원 이상,자기만족-즐거움을 위해,건강 관리를 위해,6,6,40,20,20,20,0,산책-걷기,맛집-카페 탐방,음악 공연 관람,해외여행,SNS -인터넷 커뮤니티 활동
53325150,20240424,F,60대,서울특별시,500이상700만원 미만,자기만족-즐거움을 위해,건강 관리를 위해,3,2,10,30,40,20,0,영화관 관람,음악 공연 관람,드라이브,낮잠자기,수다-잡담하기
53325366,20240424,F,30대,서울특별시,700만원 이상,자기 계발을 위해,없음,6,15,0,0,100,0,0,미술 직접 활동 및 수강하기,없음,없음,없음,없음
53325382,20240424,M,60대,서울특별시,500이상700만원 미만,건강 관리를 위해,자기 계발을 위해,8,10,20,50,20,10,0,산책-걷기,해외여행,골프 직접 하기,국내 여행,온천-사우나-찜질방
53325476,20240424,F,50대,경기도,무응답,가족-지인 등과 시간을 보내기 위해,마음의 안정-휴식을 위해,1,5,10,20,40,30,0,걷기-속보-조깅 직접 하기,종교활동,요리-베이킹,미술관-전시관 관람,없음
53325609,20240424,M,30대,서울특별시,300이상500만원 미만,건강 관리를 위해,가족-지인 등과 시간을 보내기 위해,1,3,50,40,10,0,0,헬스-보디빌딩 직접 하기,없음,없음,없음,없음
53325760,20240424,M,40대,경상북도,300이상500만원 미만,건강 관리를 위해,없음,2,2,0,80,0,20,0,수영 직접 하기,없음,없음,없음,없음
53325871,20240424,F,40대,경기도,700만원 이상,가족-지인 등과 시간을 보내기 위해,마음의 안정-휴식을 위해,2,12,50,30,0,20,0,가족-친지 만남,쇼핑,댄스스포츠 직접 하기,골프 직접 하기,없음
53325955,20240424,F,40대,인천광역시,700만원 이상,자기만족-즐거움을 위해,마음의 안정-휴식을 위해,4,7,50,30,10,10,0,수영 직접 하기,쇼핑,게임,낮잠자기,온천-사우나-찜질방
53326006,20240424,F,50대,부산광역시,500이상700만원 미만,자기만족-즐거움을 위해,건강 관리를 위해,3,2,20,40,20,20,0,독서,헬스-보디빌딩 직접 하기,가족-친지 만남,영화관 관람,국내 여행
53326154,20240424,M,50대,전라북도,500이상700만원 미만,가족-지인 등과 시간을 보내기 위해,자기만족-즐거움을 위해,2,4,30,40,0,30,0,구기스포츠 직접 하기,낚시,온천-사우나-찜질방,산책-걷기,격투 스포츠 영상 시청
53326223,20240424,F,50대,서울특별시,700만원 이상,마음의 안정-휴식을 위해,대인 관계-교제를 위해,3,8,30,0,30,40,0,영화관 관람,쇼핑,맛집-카페 탐방,산책-걷기,친구-이성친구 만남
53326302,20240424,F,50대,대구광역시,500이상700만원 미만,마음의 안정-휴식을 위해,없음,2,6,60,20,10,10,0,라켓스포츠 직접 하기,없음,없음,없음,없음
53326348,20240424,F,60대,부산광역시,300만원 미만,마음의 안정-휴식을 위해,자기만족-즐거움을 위해,3,2,70,0,0,30,0,계모임-동창회-사교모임,수다-잡담하기,없음,없음,없음
53326478,20240424,F,40대,충청남도,300이상500만원 미만,자기만족-즐거움을 위해,마음의 안정-휴식을 위해,2,2,50,0,50,0,0,어학-기술-자격증 취득,쇼핑,산책-걷기,영상 컨텐츠 시청,낮잠자기
53326586,20240424,F,40대,경기도,500이상700만원 미만,건강 관리를 위해,마음의 안정-휴식을 위해,3,2,30,0,50,20,0,독서,걷기-속보-조깅 직접 하기,음악-라디오 감상,산책-걷기,사회봉사활동
53326668,20240424,M,60대,부산광역시,300만원 미만,스트레스 해소를 위해,대인 관계-교제를 위해,3,6,60,0,0,40,0,계모임-동창회-사교모임,낮잠자기,격투 스포츠 영상 시청,요리-베이킹,음주-유흥
53326822,20240424,M,60대,부산광역시,700만원 이상,대인 관계-교제를 위해,건강 관리를 위해,3,8,35,15,10,40,0,산책-걷기,국내 프로스포츠 영상 시청,쇼핑,친구-이성친구 만남,갬블
53326858,20240424,M,40대,부산광역시,300이상500만원 미만,스트레스 해소를 위해,가족-지인 등과 시간을 보내기 위해,2,4,10,50,30,10,0,친구-이성친구 만남,없음,없음,없음,없음
53327274,20240424,M,50대,경상북도,700만원 이상,남는 시간을 보내기 위해,자기만족-즐거움을 위해,3,6,20,50,0,30,0,걷기-속보-조깅 직접 하기,구기스포츠 직접 하기,영화관 관람,볼링_ 당구-포켓볼 직접 하기,국내 여행
53327380,20240424,F,40대,경기도,300만원 미만,자기만족-즐거움을 위해,마음의 안정-휴식을 위해,2,6,40,10,30,20,0,음악-라디오 감상,영화관 관람,없음,없음,없음
53327441,20240424,M,40대,인천광역시,700만원 이상,자기만족-즐거움을 위해,건강 관리를 위해,2,4,10,30,50,10,0,독서,걷기-속보-조깅 직접 하기,신문-잡지보기,산책-걷기,음악-라디오 감상
53327447,20240424,M,20대,대전광역시,무응답,남는 시간을 보내기 위해,없음,3,3,0,100,0,0,0,영화관 관람,없음,없음,없음,없음
53327449,20240424,F,50대,충청북도,300이상500만원 미만,가족-지인 등과 시간을 보내기 위해,대인 관계-교제를 위해,3,8,30,0,0,40,30,사회봉사활동,종교활동,없음,없음,없음
53327495,20240424,F,40대,부산광역시,300만원 미만,가족-지인 등과 시간을 보내기 위해,없음,1,1,70,0,0,10,20,테마파크-시설 방문,박물관 관람,영화관 관람,수다-잡담하기,드라이브
53327513,20240424,F,50대,부산광역시,300이상500만원 미만,자기만족-즐거움을 위해,스트레스 해소를 위해,3,7,20,60,0,20,0,만화책 보기,독서,기타 자기계발-자기관리,없음,없음
53327554,20240424,F,50대,울산광역시,700만원 이상,자기만족-즐거움을 위해,건강 관리를 위해,4,2,0,40,30,30,0,인테리어,반려동물 돌보기,요리-베이킹,쇼핑,수영 직접 하기
53327787,20240424,F,30대,부산광역시,300이상500만원 미만,가족-지인 등과 시간을 보내기 위해,마음의 안정-휴식을 위해,6,6,88,0,12,0,0,쇼핑,음악-라디오 감상,영상 컨텐츠 시청,없음,없음
53327948,20240424,M,50대,전라남도,700만원 이상,자기만족-즐거움을 위해,가족-지인 등과 시간을 보내기 위해,2,5,20,80,0,0,0,라켓스포츠 직접 하기,영상 컨텐츠 시청,낮잠자기,반려동물 돌보기,드라이브
53327952,20240424,M,50대,울산광역시,300이상500만원 미만,스트레스 해소를 위해,건강 관리를 위해,1,1,50,30,10,10,0,헬스-보디빌딩 직접 하기,없음,없음,없음,없음
53327988,20240424,F,40대,경기도,700만원 이상,건강 관리를 위해,가족-지인 등과 시간을 보내기 위해,3,5,50,10,30,10,0,걷기-속보-조깅 직접 하기,헬스-보디빌딩 직접 하기,쇼핑,낮잠자기,산책-걷기
53328304,20240424,F,40대,경기도,500이상700만원 미만,마음의 안정-휴식을 위해,자기만족-즐거움을 위해,2,2,25,10,50,15,0,영상 컨텐츠 시청,산책-걷기,없음,없음,없음
53328435,20240424,M,40대,전라남도,300이상500만원 미만,건강 관리를 위해,가족-지인 등과 시간을 보내기 위해,3,6,20,80,0,0,0,라켓스포츠 직접 하기,게임,국내 여행,테마파크-시설 방문,어학-기술-자격증 취득
53328577,20240424,M,30대,경상남도,500이상700만원 미만,남는 시간을 보내기 위해,스트레스 해소를 위해,5,12,30,0,40,30,0,국내 여행,국내 프로스포츠 영상 시청,없음,없음,없음
53328702,20240424,F,50대,인천광역시,700만원 이상,가족-지인 등과 시간을 보내기 위해,자기만족-즐거움을 위해,8,8,30,20,10,40,0,영상 컨텐츠 시청,친구-이성친구 만남,맛집-카페 탐방,종교활동,국내 여행
53328719,20240424,F,60대,전라북도,300만원 미만,건강 관리를 위해,스트레스 해소를 위해,1,1,70,0,0,30,0,소풍-피크닉,없음,없음,없음,없음
53328758,20240424,F,30대,경상북도,300이상500만원 미만,건강 관리를 위해,스트레스 해소를 위해,2,4,50,20,10,20,0,영상 컨텐츠 시청,SNS -인터넷 커뮤니티 활동,쇼핑,요가-필라테스 직접 하기,독서
53328783,20240424,F,50대,서울특별시,500이상700만원 미만,대인 관계-교제를 위해,없음,5,0,5,50,20,25,0,테마파크-시설 방문,없음,없음,없음,없음
53328903,20240424,F,40대,인천광역시,700만원 이상,마음의 안정-휴식을 위해,건강 관리를 위해,8,10,50,10,20,20,0,영상 컨텐츠 시청,SNS -인터넷 커뮤니티 활동,수영 직접 하기,친구-이성친구 만남,쇼핑
53329002,20240424,F,40대,경기도,500이상700만원 미만,스트레스 해소를 위해,건강 관리를 위해,6,4,70,0,0,0,30,영상 컨텐츠 시청,산책-걷기,쇼핑,SNS -인터넷 커뮤니티 활동,만화책 보기
53329029,20240424,F,40대,경기도,700만원 이상,자기만족-즐거움을 위해,마음의 안정-휴식을 위해,4,6,50,30,0,20,0,산책-걷기,낮잠자기,반려동물 돌보기,쇼핑,없음
53329099,20240424,M,30대,경기도,700만원 이상,가족-지인 등과 시간을 보내기 위해,자기만족-즐거움을 위해,1,1,70,5,5,20,0,영상 컨텐츠 시청,없음,없음,없음,없음
53329184,20240424,F,60대,경기도,500이상700만원 미만,건강 관리를 위해,자기 계발을 위해,2,2,50,50,0,0,0,헬스-보디빌딩 직접 하기,골프 직접 하기,국내 여행,영화관 관람,맛집-카페 탐방
53329209,20240424,M,40대,서울특별시,500이상700만원 미만,건강 관리를 위해,자기 계발을 위해,2,12,0,0,100,0,0,걷기-속보-조깅 직접 하기,국내 프로스포츠 현장 관람,독서,없음,없음
53329400,20240424,F,30대,경상남도,300만원 미만,자기만족-즐거움을 위해,스트레스 해소를 위해,2,5,100,0,0,0,0,국내 여행,없음,없음,없음,없음
53329650,20240424,F,40대,서울특별시,300이상500만원 미만,마음의 안정-휴식을 위해,남는 시간을 보내기 위해,5,5,90,0,5,5,0,음악-라디오 감상,없음,없음,없음,없음
53329715,20240424,M,40대,광주광역시,300만원 미만,대인 관계-교제를 위해,가족-지인 등과 시간을 보내기 위해,3,6,30,30,0,40,0,해외 프로스포츠 영상 시청,영상 컨텐츠 시청,없음,없음,없음
53329755,20240424,M,60대,경기도,500이상700만원 미만,가족-지인 등과 시간을 보내기 위해,건강 관리를 위해,2,6,40,10,10,40,0,산책-걷기,독서,국내 프로스포츠 영상 시청,없음,없음
53329898,20240424,F,60대,서울특별시,700만원 이상,가족-지인 등과 시간을 보내기 위해,마음의 안정-휴식을 위해,2,0,0,0,0,100,0,걷기-속보-조깅 직접 하기,없음,없음,없음,없음
53329914,20240424,F,40대,충청북도,300이상500만원 미만,가족-지인 등과 시간을 보내기 위해,건강 관리를 위해,1,1,50,30,0,20,0,헬스-보디빌딩 직접 하기,쇼핑,요가-필라테스 직접 하기,낮잠자기,없음
53330306,20240424,F,40대,경기도,300이상500만원 미만,마음의 안정-휴식을 위해,자기 계발을 위해,1,3,50,30,10,10,0,국내 프로스포츠 영상 시청,영상 컨텐츠 시청,소풍-피크닉,맛집-카페 탐방,드라이브
53330325,20240424,F,40대,경상남도,300이상500만원 미만,마음의 안정-휴식을 위해,건강 관리를 위해,1,1,30,50,10,10,0,음악 직접 활동 및 수강하기,줄넘기-맨손체조-스트레칭 직접 하기,걷기-속보-조깅 직접 하기,만화책 보기,가족-친지 만남
53330417,20240424,M,50대,전라남도,700만원 이상,가족-지인 등과 시간을 보내기 위해,대인 관계-교제를 위해,4,10,30,20,20,30,0,가족-친지 만남,골프 영상 시청,골프 직접 하기,걷기-속보-조깅 직접 하기,쇼핑
53330446,20240424,F,40대,경기도,300만원 미만,스트레스 해소를 위해,자기 계발을 위해,3,4,70,0,30,0,0,해외 프로스포츠 영상 시청,영상 컨텐츠 시청,없음,없음,없음
53330555,20240424,F,30대,경기도,500이상700만원 미만,자기만족-즐거움을 위해,마음의 안정-휴식을 위해,2,6,80,0,10,10,0,영상 컨텐츠 시청,드라이브,산책-걷기,만화책 보기,SNS -인터넷 커뮤니티 활동
53330620,20240424,M,60대,부산광역시,500이상700만원 미만,대인 관계-교제를 위해,건강 관리를 위해,6,6,50,0,0,50,0,해외여행,자전거-싸이클-산악자전거 직접 타기,없음,없음,없음
53330719,20240424,M,40대,제주특별자치도,300만원 미만,마음의 안정-휴식을 위해,자기만족-즐거움을 위해,2,4,65,10,10,15,0,낮잠자기,요리-베이킹,가족-친지 만남,친구-이성친구 만남,음주-유흥
53330862,20240424,M,30대,전라남도,300이상500만원 미만,남는 시간을 보내기 위해,가족-지인 등과 시간을 보내기 위해,4,10,70,10,0,20,0,라켓스포츠 직접 하기,없음,없음,없음,없음
53330919,20240424,M,30대,경기도,500이상700만원 미만,스트레스 해소를 위해,자기만족-즐거움을 위해,3,2,20,30,0,50,0,낮잠자기,맛집-카페 탐방,구기스포츠 직접 하기,헬스-보디빌딩 직접 하기,친구-이성친구 만남
53330951,20240424,M,40대,경기도,500이상700만원 미만,자기만족-즐거움을 위해,마음의 안정-휴식을 위해,2,3,60,30,0,10,0,자전거-싸이클-산악자전거 직접 타기,영상 컨텐츠 시청,기타 자기계발-자기관리,국내 여행,게임
53331006,20240424,F,40대,경기도,700만원 이상,남는 시간을 보내기 위해,자기만족-즐거움을 위해,2,8,60,10,10,20,0,반려동물 돌보기,없음,없음,없음,없음
53331178,20240424,M,30대,전라북도,700만원 이상,가족-지인 등과 시간을 보내기 위해,스트레스 해소를 위해,2,6,100,0,0,0,0,국내 여행,없음,없음,없음,없음
53331291,20240424,M,60대,경기도,700만원 이상,건강 관리를 위해,자기만족-즐거움을 위해,4,6,0,70,15,15,0,골프 직접 하기,걷기-속보-조깅 직접 하기,온천-사우나-찜질방,친구-이성친구 만남,어학-기술-자격증 취득
53331374,20240424,F,20대,경기도,700만원 이상,스트레스 해소를 위해,자기만족-즐거움을 위해,3,8,60,20,10,10,0,영상 컨텐츠 시청,걷기-속보-조깅 직접 하기,산책-걷기,쇼핑,음악-라디오 감상
53331388,20240424,M,30대,경기도,500이상700만원 미만,가족-지인 등과 시간을 보내기 위해,마음의 안정-휴식을 위해,3,6,70,10,10,10,0,국내 프로스포츠 영상 시청,영상 컨텐츠 시청,가족-친지 만남,친구-이성친구 만남,신문-잡지보기
53331504,20240424,F,20대,충청남도,300만원 미만,스트레스 해소를 위해,건강 관리를 위해,1,2,30,20,10,40,0,종교활동,없음,없음,없음,없음
53331566,20240424,M,30대,부산광역시,700만원 이상,스트레스 해소를 위해,가족-지인 등과 시간을 보내기 위해,1,5,70,10,10,10,0,어학-기술-자격증 취득,없음,없음,없음,없음
53331744,20240424,F,50대,경기도,700만원 이상,마음의 안정-휴식을 위해,스트레스 해소를 위해,0,1,50,20,10,20,0,등산 직접 하기,산책-걷기,헬스-보디빌딩 직접 하기,자전거-싸이클-산악자전거 직접 타기,낮잠자기
53331795,20240424,M,20대,전라북도,무응답,자기만족-즐거움을 위해,대인 관계-교제를 위해,2,4,30,20,10,40,0,SNS -인터넷 커뮤니티 활동,친구-이성친구 만남,영상 컨텐츠 시청,연극-뮤지컬 관람,없음
53331884,20240424,F,20대,제주특별자치도,무응답,건강 관리를 위해,대인 관계-교제를 위해,5,10,10,40,10,40,0,요가-필라테스 직접 하기,친구-이성친구 만남,영상 컨텐츠 시청,SNS -인터넷 커뮤니티 활동,기타 자기계발-자기관리
53332091,20240424,M,30대,경기도,300만원 미만,스트레스 해소를 위해,가족-지인 등과 시간을 보내기 위해,2,5,30,10,0,60,0,SNS -인터넷 커뮤니티 활동,줄넘기-맨손체조-스트레칭 직접 하기,없음,없음,없음
53332151,20240424,M,40대,서울특별시,700만원 이상,마음의 안정-휴식을 위해,자기만족-즐거움을 위해,1,3,35,15,0,50,0,종교활동,가족-친지 만남,국내 여행,영상 컨텐츠 시청,드라이브
53332594,20240424,F,60대,부산광역시,300만원 미만,마음의 안정-휴식을 위해,대인 관계-교제를 위해,8,3,80,0,0,20,0,사회봉사활동,종교활동,영화관 관람,기타 관광-여행,없음
53332771,20240424,M,40대,대전광역시,300이상500만원 미만,스트레스 해소를 위해,자기만족-즐거움을 위해,6,8,70,20,10,0,0,캠핑-차박,헬스-보디빌딩 직접 하기,국내 여행,없음,없음
53332839,20240424,M,20대,전라남도,300만원 미만,건강 관리를 위해,가족-지인 등과 시간을 보내기 위해,3,12,20,20,20,40,0,가족-친지 만남,없음,없음,없음,없음
53332915,20240424,M,30대,서울특별시,500이상700만원 미만,자기만족-즐거움을 위해,없음,3,5,40,60,0,0,0,구기스포츠 직접 하기,없음,없음,없음,없음
53332996,20240424,F,40대,경기도,300만원 미만,자기만족-즐거움을 위해,마음의 안정-휴식을 위해,3,8,50,10,30,10,0,만화책 보기,낮잠자기,영상 컨텐츠 시청,수다-잡담하기,요리-베이킹
53333040,20240424,M,40대,인천광역시,300만원 미만,마음의 안정-휴식을 위해,가족-지인 등과 시간을 보내기 위해,1,3,0,0,0,100,0,드라이브,축제 참가,수다-잡담하기,맛집-카페 탐방,국내 여행
53333130,20240424,M,60대,광주광역시,300이상500만원 미만,대인 관계-교제를 위해,가족-지인 등과 시간을 보내기 위해,2,4,40,20,0,40,0,국내 여행,가족-친지 만남,친구-이성친구 만남,골프 직접 하기,볼링_ 당구-포켓볼 직접 하기
53333382,20240424,M,60대,부산광역시,500이상700만원 미만,마음의 안정-휴식을 위해,자기 계발을 위해,3,0,40,20,20,10,10,신문-잡지보기,사회봉사활동,가족-친지 만남,독서,산책-걷기
53333675,20240424,M,40대,광주광역시,300이상500만원 미만,가족-지인 등과 시간을 보내기 위해,자기만족-즐거움을 위해,4,10,20,70,0,10,0,사진 촬영,SNS -인터넷 커뮤니티 활동,영상 컨텐츠 제작,없음,없음
53333688,20240424,F,40대,경기도,무응답,마음의 안정-휴식을 위해,자기만족-즐거움을 위해,3,5,0,50,0,50,0,국내 여행,걷기-속보-조깅 직접 하기,없음,없음,없음
53333898,20240424,F,50대,경상북도,500이상700만원 미만,마음의 안정-휴식을 위해,남는 시간을 보내기 위해,4,8,70,10,10,10,0,맛집-카페 탐방,산책-걷기,드라이브,가족-친지 만남,박물관 관람
53333921,20240424,F,40대,경기도,700만원 이상,자기만족-즐거움을 위해,없음,5,5,30,30,30,10,0,라켓스포츠 직접 하기,산책-걷기,없음,없음,없음
53334080,20240424,F,50대,서울특별시,300만원 미만,자기 계발을 위해,건강 관리를 위해,2,1,40,20,30,10,0,쇼핑,어학-기술-자격증 취득,영화관 관람,산책-걷기,영상 컨텐츠 시청
53334437,20240424,F,60대,경기도,300만원 미만,마음의 안정-휴식을 위해,건강 관리를 위해,7,7,100,0,0,0,0,온천-사우나-찜질방,쇼핑,영상 컨텐츠 시청,산책-걷기,음악-라디오 감상
53334522,20240424,F,20대,서울특별시,300만원 미만,남는 시간을 보내기 위해,자기만족-즐거움을 위해,7,8,40,25,0,35,0,게임,SNS -인터넷 커뮤니티 활동,수다-잡담하기,영상 컨텐츠 시청,없음
53334728,20240424,M,40대,경상남도,700만원 이상,마음의 안정-휴식을 위해,자기만족-즐거움을 위해,5,0,30,70,0,0,0,쇼핑,국내 여행,등산 직접 하기,걷기-속보-조깅 직접 하기,산책-걷기
53334738,20240424,M,40대,경상북도,300이상500만원 미만,스트레스 해소를 위해,건강 관리를 위해,1,1,50,50,0,0,0,수영 직접 하기,영상 컨텐츠 시청,없음,없음,없음
53335032,20240424,M,60대,부산광역시,700만원 이상,마음의 안정-휴식을 위해,건강 관리를 위해,2,4,90,0,0,10,0,국내 프로스포츠 영상 시청,해외 프로스포츠 영상 시청,산책-걷기,기타 스포츠 영상-현장 관람,골프 영상 시청
53335306,20240424,M,50대,울산광역시,700만원 이상,자기만족-즐거움을 위해,마음의 안정-휴식을 위해,4,8,30,30,20,20,0,음주-유흥,골프 직접 하기,계모임-동창회-사교모임,친구-이성친구 만남,음악-라디오 감상
53335310,20240424,M,60대,전라남도,500이상700만원 미만,건강 관리를 위해,스트레스 해소를 위해,2,4,60,0,0,40,0,걷기-속보-조깅 직접 하기,등산 직접 하기,볼링_ 당구-포켓볼 직접 하기,자전거-싸이클-산악자전거 직접 타기,해외 프로스포츠 영상 시청
53335459,20240424,M,60대,서울특별시,700만원 이상,가족-지인 등과 시간을 보내기 위해,건강 관리를 위해,3,5,20,50,20,10,0,걷기-속보-조깅 직접 하기,헬스-보디빌딩 직접 하기,국내 여행,온천-사우나-찜질방,없음
53335528,20240424,F,40대,강원도,300만원 미만,스트레스 해소를 위해,없음,2,3,50,0,50,0,0,독서,영상 컨텐츠 시청,낮잠자기,없음,없음
53335544,20240424,F,50대,부산광역시,700만원 이상,건강 관리를 위해,자기만족-즐거움을 위해,6,3,40,20,30,10,0,게임,줄넘기-맨손체조-스트레칭 직접 하기,쇼핑,맛집-카페 탐방,친구-이성친구 만남
53335642,20240424,F,40대,경기도,300만원 미만,대인 관계-교제를 위해,없음,3,7,20,30,10,40,0,국내 여행,없음,없음,없음,없음
53335669,20240424,F,50대,서울특별시,500이상700만원 미만,가족-지인 등과 시간을 보내기 위해,마음의 안정-휴식을 위해,1,5,40,50,10,0,0,산책-걷기,음악 직접 활동 및 수강하기,소풍-피크닉,없음,없음
53335945,20240424,F,50대,제주특별자치도,500이상700만원 미만,스트레스 해소를 위해,자기만족-즐거움을 위해,1,2,80,0,0,0,20,산책-걷기,쇼핑,음악-라디오 감상,드라이브,반려동물 돌보기
53335951,20240424,M,20대,서울특별시,무응답,스트레스 해소를 위해,마음의 안정-휴식을 위해,0,0,100,0,0,0,0,게임,없음,없음,없음,없음
53335985,20240424,M,20대,인천광역시,300이상500만원 미만,자기만족-즐거움을 위해,가족-지인 등과 시간을 보내기 위해,2,10,20,0,0,80,0,친구-이성친구 만남,국내 프로스포츠 현장 관람,드라이브,쇼핑,가족-친지 만남
53336158,20240424,F,40대,경기도,700만원 이상,가족-지인 등과 시간을 보내기 위해,자기만족-즐거움을 위해,2,10,20,10,10,60,0,영화관 관람,해외여행,국내 여행,헬스-보디빌딩 직접 하기,쇼핑
53336280,20240424,F,50대,경상북도,500이상700만원 미만,가족-지인 등과 시간을 보내기 위해,자기만족-즐거움을 위해,6,8,20,20,20,40,0,드라이브,음주-유흥,가족-친지 만남,계모임-동창회-사교모임,없음
53336344,20240424,M,40대,강원도,300만원 미만,자기만족-즐거움을 위해,자기 계발을 위해,2,3,20,30,30,20,0,해외 프로스포츠 영상 시청,국내 프로스포츠 영상 시청,음악-라디오 감상,산책-걷기,요리-베이킹
53336566,20240424,F,40대,서울특별시,300이상500만원 미만,마음의 안정-휴식을 위해,스트레스 해소를 위해,4,12,80,0,0,20,0,음주-유흥,게임,계모임-동창회-사교모임,영화관 관람,SNS -인터넷 커뮤니티 활동
53336774,20240424,F,20대,서울특별시,300만원 미만,대인 관계-교제를 위해,가족-지인 등과 시간을 보내기 위해,8,8,20,10,0,70,0,영상 컨텐츠 시청,영화관 관람,맛집-카페 탐방,독서,없음
53336847,20240424,F,30대,제주특별자치도,무응답,마음의 안정-휴식을 위해,자기만족-즐거움을 위해,5,9,50,5,5,40,0,친구-이성친구 만남,사진 촬영,산책-걷기,음악-라디오 감상,영상 컨텐츠 시청
53337032,20240424,M,30대,경기도,500이상700만원 미만,가족-지인 등과 시간을 보내기 위해,스트레스 해소를 위해,1,3,50,20,10,20,0,어학-기술-자격증 취득,국내 여행,없음,없음,없음
53337062,20240424,F,50대,경기도,300만원 미만,마음의 안정-휴식을 위해,건강 관리를 위해,2,3,30,30,30,10,0,영화관 관람,국내 여행,없음,없음,없음
53337505,20240424,M,50대,세종특별자치시,700만원 이상,스트레스 해소를 위해,가족-지인 등과 시간을 보내기 위해,3,4,50,40,10,0,0,걷기-속보-조깅 직접 하기,만화책 보기,국내 여행,맛집-카페 탐방,해외여행
53337519,20240424,F,30대,경기도,300이상500만원 미만,자기 계발을 위해,대인 관계-교제를 위해,2,5,0,0,80,20,0,미용,없음,없음,없음,없음
53337641,20240424,F,60대,대구광역시,700만원 이상,자기 계발을 위해,가족-지인 등과 시간을 보내기 위해,4,4,50,50,0,0,0,영상 컨텐츠 시청,가족-친지 만남,산책-걷기,골프 직접 하기,해외여행
53337658,20240424,M,50대,경기도,500이상700만원 미만,가족-지인 등과 시간을 보내기 위해,마음의 안정-휴식을 위해,2,6,80,5,5,10,0,영화관 관람,없음,없음,없음,없음
53337716,20240424,F,50대,충청북도,300이상500만원 미만,건강 관리를 위해,마음의 안정-휴식을 위해,2,4,0,80,0,20,0,국내 여행,없음,없음,없음,없음
53337790,20240424,F,20대,대구광역시,300만원 미만,가족-지인 등과 시간을 보내기 위해,마음의 안정-휴식을 위해,3,10,50,0,10,40,0,맛집-카페 탐방,산책-걷기,음악-라디오 감상,낮잠자기,SNS -인터넷 커뮤니티 활동
53337932,20240424,F,60대,부산광역시,무응답,건강 관리를 위해,마음의 안정-휴식을 위해,5,5,30,10,60,0,0,국내 프로스포츠 영상 시청,산책-걷기,신문-잡지보기,쇼핑,독서
53337937,20240424,M,60대,서울특별시,700만원 이상,가족-지인 등과 시간을 보내기 위해,건강 관리를 위해,1,5,20,30,10,40,0,걷기-속보-조깅 직접 하기,등산 직접 하기,가족-친지 만남,산책-걷기,연극-뮤지컬 관람
53338052,20240424,M,20대,인천광역시,300만원 미만,자기만족-즐거움을 위해,마음의 안정-휴식을 위해,1,1,10,10,20,60,0,격투 스포츠 영상 시청,없음,없음,없음,없음
53338171,20240424,M,50대,강원도,300이상500만원 미만,마음의 안정-휴식을 위해,건강 관리를 위해,4,5,60,40,0,0,0,헬스-보디빌딩 직접 하기,없음,없음,없음,없음
53338418,20240424,M,40대,부산광역시,300이상500만원 미만,가족-지인 등과 시간을 보내기 위해,마음의 안정-휴식을 위해,1,3,5,5,30,60,0,독서,가족-친지 만남,종교활동,영상 컨텐츠 시청,산책-걷기
53338428,20240424,F,20대,경상남도,무응답,스트레스 해소를 위해,자기 계발을 위해,14,10,10,10,75,5,0,기타 자기계발-자기관리,어학-기술-자격증 취득,산책-걷기,없음,없음
53338593,20240424,M,60대,전라남도,300만원 미만,건강 관리를 위해,스트레스 해소를 위해,5,2,10,20,10,60,0,독서,친구-이성친구 만남,계모임-동창회-사교모임,없음,없음
53338670,20240424,M,40대,경기도,500이상700만원 미만,가족-지인 등과 시간을 보내기 위해,건강 관리를 위해,2,4,15,50,15,20,0,걷기-속보-조깅 직접 하기,영상 컨텐츠 시청,없음,없음,없음
53338835,20240424,F,40대,광주광역시,300이상500만원 미만,스트레스 해소를 위해,마음의 안정-휴식을 위해,1,4,20,0,50,30,0,산책-걷기,종교활동,해외여행,없음,없음
53338871,20240424,M,40대,부산광역시,700만원 이상,대인 관계-교제를 위해,가족-지인 등과 시간을 보내기 위해,1,5,30,20,20,30,0,걷기-속보-조깅 직접 하기,온천-사우나-찜질방,수영 직접 하기,드라이브,자전거-싸이클-산악자전거 직접 타기
53338919,20240424,M,30대,서울특별시,300이상500만원 미만,자기만족-즐거움을 위해,가족-지인 등과 시간을 보내기 위해,1,5,80,20,0,0,0,해외여행,없음,없음,없음,없음
53339013,20240424,F,50대,충청남도,300만원 미만,가족-지인 등과 시간을 보내기 위해,마음의 안정-휴식을 위해,4,3,70,0,10,20,0,온천-사우나-찜질방,영화관 관람,없음,없음,없음
53339171,20240424,F,20대,경상남도,무응답,남는 시간을 보내기 위해,가족-지인 등과 시간을 보내기 위해,3,5,90,0,0,10,0,영상 컨텐츠 시청,만화책 보기,친구-이성친구 만남,계모임-동창회-사교모임,없음
53339244,20240424,F,40대,경상남도,300이상500만원 미만,마음의 안정-휴식을 위해,건강 관리를 위해,2,4,50,20,30,0,0,드라이브,쇼핑,맛집-카페 탐방,없음,없음
53339362,20240424,F,20대,인천광역시,무응답,스트레스 해소를 위해,마음의 안정-휴식을 위해,2,8,40,10,10,40,0,걷기-속보-조깅 직접 하기,수다-잡담하기,SNS -인터넷 커뮤니티 활동,없음,없음
53339391,20240424,F,20대,충청남도,700만원 이상,가족-지인 등과 시간을 보내기 위해,마음의 안정-휴식을 위해,4,12,60,0,0,40,0,산책-걷기,드라이브,음주-유흥,낮잠자기,영상 컨텐츠 시청
53339550,20240424,F,50대,서울특별시,500이상700만원 미만,스트레스 해소를 위해,가족-지인 등과 시간을 보내기 위해,1,5,30,10,10,50,0,해외여행,수영 직접 하기,산책-걷기,없음,없음
53339890,20240424,M,40대,대구광역시,300만원 미만,자기만족-즐거움을 위해,마음의 안정-휴식을 위해,4,4,100,0,0,0,0,게임,드라이브,산책-걷기,낮잠자기,영상 컨텐츠 시청
53339988,20240424,M,60대,경상북도,300만원 미만,마음의 안정-휴식을 위해,가족-지인 등과 시간을 보내기 위해,5,5,60,0,0,40,0,걷기-속보-조깅 직접 하기,종교활동,국내 여행,없음,없음
53340012,20240424,M,50대,전라북도,300이상500만원 미만,건강 관리를 위해,마음의 안정-휴식을 위해,2,1,30,50,20,0,0,산책-걷기,없음,없음,없음,없음
53340215,20240424,M,50대,대전광역시,500이상700만원 미만,가족-지인 등과 시간을 보내기 위해,스트레스 해소를 위해,2,4,30,30,0,40,0,가족-친지 만남,국내 프로스포츠 현장 관람,온천-사우나-찜질방,볼링_ 당구-포켓볼 직접 하기,친구-이성친구 만남
53340282,20240424,M,30대,경상남도,300이상500만원 미만,건강 관리를 위해,자기만족-즐거움을 위해,4,6,50,20,10,20,0,라켓스포츠 직접 하기,낮잠자기,SNS -인터넷 커뮤니티 활동,친구-이성친구 만남,가족-친지 만남
53340350,20240424,M,50대,대구광역시,700만원 이상,가족-지인 등과 시간을 보내기 위해,건강 관리를 위해,2,6,20,50,0,30,0,등산 직접 하기,걷기-속보-조깅 직접 하기,국내 여행,친구-이성친구 만남,계모임-동창회-사교모임
53340522,20240424,F,30대,경기도,500이상700만원 미만,마음의 안정-휴식을 위해,가족-지인 등과 시간을 보내기 위해,1,5,70,5,5,20,0,영상 컨텐츠 시청,게임,친구-이성친구 만남,쇼핑,가족-친지 만남
53340732,20240424,F,30대,경상북도,300이상500만원 미만,스트레스 해소를 위해,없음,6,2,70,0,0,30,0,쇼핑,영상 컨텐츠 시청,없음,없음,없음
53340779,20240424,F,40대,경기도,700만원 이상,가족-지인 등과 시간을 보내기 위해,없음,3,12,70,10,0,20,0,국내 여행,맛집-카페 탐방,없음,없음,없음
53340798,20240424,M,30대,부산광역시,무응답,자기 계발을 위해,건강 관리를 위해,1,1,25,25,25,25,0,전통예술 직접 활동 및 수강하기,없음,없음,없음,없음
53340859,20240424,F,40대,서울특별시,500이상700만원 미만,건강 관리를 위해,대인 관계-교제를 위해,8,3,0,0,50,50,0,요가-필라테스 직접 하기,국내 여행,가족-친지 만남,친구-이성친구 만남,반려동물 돌보기
53341072,20240424,M,30대,경상남도,무응답,가족-지인 등과 시간을 보내기 위해,마음의 안정-휴식을 위해,5,8,50,0,0,50,0,게임,영상 컨텐츠 시청,가족-친지 만남,드라이브,해외 프로스포츠 영상 시청
53341098,20240424,M,20대,대전광역시,700만원 이상,남는 시간을 보내기 위해,스트레스 해소를 위해,1,2,60,20,0,20,0,헬스-보디빌딩 직접 하기,게임,해외 프로스포츠 영상 시청,구기스포츠 직접 하기,낮잠자기
53341109,20240424,F,50대,충청남도,300이상500만원 미만,자기만족-즐거움을 위해,대인 관계-교제를 위해,1,4,10,10,40,40,0,독서,영화관 관람,친구-이성친구 만남,수다-잡담하기,가족-친지 만남
53341215,20240424,F,60대,경기도,700만원 이상,건강 관리를 위해,자기만족-즐거움을 위해,3,9,0,80,0,20,0,등산 직접 하기,기타 관광-여행,국내 여행,수영 직접 하기,계모임-동창회-사교모임
53341405,20240424,M,50대,서울특별시,700만원 이상,건강 관리를 위해,남는 시간을 보내기 위해,2,2,30,50,10,10,0,산책-걷기,맛집-카페 탐방,국내 프로스포츠 영상 시청,없음,없음
53341439,20240424,M,30대,세종특별자치시,무응답,스트레스 해소를 위해,자기 계발을 위해,4,9,60,0,30,10,0,게임,미술관-전시관 관람,국내 프로스포츠 영상 시청,없음,없음
53341467,20240424,F,20대,서울특별시,300만원 미만,자기만족-즐거움을 위해,스트레스 해소를 위해,3,10,50,20,0,30,0,만화책 보기,SNS -인터넷 커뮤니티 활동,없음,없음,없음
53341508,20240424,F,60대,강원도,300만원 미만,건강 관리를 위해,없음,1,1,50,0,0,50,0,국내 여행,없음,없음,없음,없음
53341515,20240424,M,30대,경기도,300만원 미만,자기만족-즐거움을 위해,마음의 안정-휴식을 위해,2,6,20,40,10,30,0,낚시,헬스-보디빌딩 직접 하기,캠핑-차박,국내 여행,없음
53341553,20240424,M,40대,경기도,700만원 이상,자기만족-즐거움을 위해,건강 관리를 위해,2,2,30,60,10,0,0,골프 영상 시청,음악-라디오 감상,골프 직접 하기,국내 프로스포츠 현장 관람,독서
53341813,20240424,M,50대,서울특별시,300이상500만원 미만,마음의 안정-휴식을 위해,자기만족-즐거움을 위해,2,4,30,50,0,20,0,영상 컨텐츠 시청,영화관 관람,산책-걷기,없음,없음
53341815,20240424,F,60대,경상남도,700만원 이상,자기 계발을 위해,가족-지인 등과 시간을 보내기 위해,2,4,30,0,50,20,0,걷기-속보-조깅 직접 하기,드라이브,어학-기술-자격증 취득,없음,없음
53341890,20240424,M,40대,부산광역시,300이상500만원 미만,마음의 안정-휴식을 위해,자기만족-즐거움을 위해,5,5,70,15,0,15,0,산책-걷기,없음,없음,없음,없음
53341902,20240424,M,50대,경상북도,300이상500만원 미만,자기 계발을 위해,마음의 안정-휴식을 위해,3,8,50,35,15,0,0,헬스-보디빌딩 직접 하기,산책-걷기,국내 프로스포츠 영상 시청,없음,없음
53342090,20240424,F,20대,서울특별시,300이상500만원 미만,대인 관계-교제를 위해,자기만족-즐거움을 위해,3,10,40,20,10,30,0,음악-라디오 감상,만화책 보기,영상 컨텐츠 시청,친구-이성친구 만남,게임
53342134,20240424,F,20대,서울특별시,300이상500만원 미만,마음의 안정-휴식을 위해,스트레스 해소를 위해,2,2,75,5,10,10,0,만화책 보기,맛집-카페 탐방,어학-기술-자격증 취득,친구-이성친구 만남,쇼핑
53342207,20240424,M,40대,제주특별자치도,300이상500만원 미만,스트레스 해소를 위해,건강 관리를 위해,2,2,40,40,20,0,0,영화관 관람,헬스-보디빌딩 직접 하기,구기스포츠 직접 하기,없음,없음
53342328,20240424,M,40대,제주특별자치도,300만원 미만,가족-지인 등과 시간을 보내기 위해,없음,3,5,30,10,0,0,60,해외 프로스포츠 영상 시청,없음,없음,없음,없음
53342526,20240424,M,30대,대구광역시,300이상500만원 미만,자기만족-즐거움을 위해,건강 관리를 위해,1,2,50,0,0,50,0,온천-사우나-찜질방,없음,없음,없음,없음
53342615,20240424,M,60대,울산광역시,300만원 미만,건강 관리를 위해,가족-지인 등과 시간을 보내기 위해,3,16,10,10,20,60,0,계모임-동창회-사교모임,기타 스포츠 영상-현장 관람,사회봉사활동,없음,없음
53342771,20240424,F,40대,인천광역시,300이상500만원 미만,가족-지인 등과 시간을 보내기 위해,마음의 안정-휴식을 위해,2,4,40,5,30,25,0,골프 영상 시청,쇼핑,낮잠자기,맛집-카페 탐방,게임
53342809,20240424,F,60대,인천광역시,300만원 미만,건강 관리를 위해,자기만족-즐거움을 위해,2,3,30,20,20,30,0,종교활동,산책-걷기,쇼핑,골프 영상 시청,없음
53342838,20240424,F,60대,경기도,300이상500만원 미만,자기만족-즐거움을 위해,자기 계발을 위해,4,2,20,10,60,10,0,어학-기술-자격증 취득,산책-걷기,생활공예-원예,요리-베이킹,친구-이성친구 만남
53343023,20240424,M,60대,부산광역시,300이상500만원 미만,건강 관리를 위해,자기만족-즐거움을 위해,3,3,50,30,0,20,0,기타 스포츠-운동 직접하기,자전거-싸이클-산악자전거 직접 타기,산책-걷기,음악 직접 활동 및 수강하기,드라이브
53343032,20240424,F,60대,경기도,500이상700만원 미만,마음의 안정-휴식을 위해,가족-지인 등과 시간을 보내기 위해,0,5,100,0,0,0,0,드라이브,낮잠자기,산책-걷기,소풍-피크닉,맛집-카페 탐방
53343125,20240424,F,30대,경상북도,300만원 미만,자기만족-즐거움을 위해,마음의 안정-휴식을 위해,4,8,20,20,30,30,0,소풍-피크닉,없음,없음,없음,없음
53343236,20240424,F,50대,대전광역시,700만원 이상,마음의 안정-휴식을 위해,스트레스 해소를 위해,2,4,60,20,5,15,0,국내 여행,음주-유흥,헬스-보디빌딩 직접 하기,드라이브,캠핑-차박
53343338,20240424,M,30대,제주특별자치도,300만원 미만,마음의 안정-휴식을 위해,없음,2,4,100,0,0,0,0,골프 직접 하기,없음,없음,없음,없음
53343365,20240424,M,30대,경기도,500이상700만원 미만,스트레스 해소를 위해,자기만족-즐거움을 위해,3,10,70,0,10,0,20,게임,영상 컨텐츠 제작,만화책 보기,영상 컨텐츠 시청,SNS -인터넷 커뮤니티 활동
53343442,20240424,M,40대,서울특별시,700만원 이상,마음의 안정-휴식을 위해,자기만족-즐거움을 위해,2,5,100,0,0,0,0,영상 컨텐츠 시청,없음,없음,없음,없음
53343479,20240424,M,40대,인천광역시,300이상500만원 미만,가족-지인 등과 시간을 보내기 위해,스트레스 해소를 위해,1,4,20,60,0,20,0,해외여행,없음,없음,없음,없음
53343614,20240424,F,40대,인천광역시,700만원 이상,대인 관계-교제를 위해,자기만족-즐거움을 위해,1,5,10,0,10,80,0,친구-이성친구 만남,반려동물 돌보기,만화책 보기,쇼핑,산책-걷기
53343729,20240424,M,60대,울산광역시,300이상500만원 미만,건강 관리를 위해,대인 관계-교제를 위해,2,5,20,10,30,40,0,자전거-싸이클-산악자전거 직접 타기,사회봉사활동,산책-걷기,가족-친지 만남,음악-라디오 감상
53343768,20240424,F,20대,강원도,300만원 미만,스트레스 해소를 위해,가족-지인 등과 시간을 보내기 위해,3,15,5,50,10,35,0,기타 취미-오락-휴식,맛집-카페 탐방,무도-격투기 직접 하기,없음,없음
53343812,20240424,F,50대,제주특별자치도,300이상500만원 미만,건강 관리를 위해,자기만족-즐거움을 위해,3,1,40,60,0,0,0,걷기-속보-조깅 직접 하기,헬스-보디빌딩 직접 하기,게임,만화책 보기,계모임-동창회-사교모임
53343827,20240424,M,60대,광주광역시,300만원 미만,자기 계발을 위해,자기만족-즐거움을 위해,2,5,10,20,50,20,0,산책-걷기,라켓스포츠 직접 하기,해외여행,기타 자기계발-자기관리,어학-기술-자격증 취득
53343932,20240424,F,50대,경상북도,700만원 이상,마음의 안정-휴식을 위해,건강 관리를 위해,6,6,50,20,10,20,0,영상 컨텐츠 시청,산책-걷기,국내 여행,쇼핑,미용
53344088,20240424,M,30대,전라북도,700만원 이상,스트레스 해소를 위해,마음의 안정-휴식을 위해,6,10,50,30,0,20,0,게임,친구-이성친구 만남,e스포츠 영상 시청,반려동물 돌보기,SNS -인터넷 커뮤니티 활동
53344199,20240424,M,50대,충청남도,500이상700만원 미만,건강 관리를 위해,대인 관계-교제를 위해,1,4,10,40,0,50,0,산책-걷기,걷기-속보-조깅 직접 하기,기타 관광-여행,국내 프로스포츠 영상 시청,골프 직접 하기
53344390,20240424,M,50대,인천광역시,700만원 이상,자기만족-즐거움을 위해,스트레스 해소를 위해,3,6,30,10,10,50,0,계모임-동창회-사교모임,영상 컨텐츠 시청,볼링_ 당구-포켓볼 직접 하기,음주-유흥,친구-이성친구 만남
53344498,20240424,F,20대,전라남도,500이상700만원 미만,스트레스 해소를 위해,자기만족-즐거움을 위해,2,8,50,0,10,40,0,맛집-카페 탐방,SNS -인터넷 커뮤니티 활동,영상 컨텐츠 시청,게임,쇼핑
53344551,20240424,M,50대,경기도,700만원 이상,가족-지인 등과 시간을 보내기 위해,자기만족-즐거움을 위해,1,3,10,50,10,30,0,걷기-속보-조깅 직접 하기,골프 직접 하기,가족-친지 만남,친구-이성친구 만남,등산 직접 하기
53344742,20240424,F,30대,경기도,500이상700만원 미만,가족-지인 등과 시간을 보내기 위해,대인 관계-교제를 위해,2,10,50,0,0,50,0,SNS -인터넷 커뮤니티 활동,게임,쇼핑,만화책 보기,수다-잡담하기
53344827,20240424,F,40대,부산광역시,300이상500만원 미만,자기만족-즐거움을 위해,스트레스 해소를 위해,4,1,30,70,0,0,0,영화관 관람,가족-친지 만남,없음,없음,없음
53345023,20240424,F,20대,경기도,500이상700만원 미만,스트레스 해소를 위해,마음의 안정-휴식을 위해,1,3,50,0,0,50,0,산책-걷기,낮잠자기,맛집-카페 탐방,음악-라디오 감상,만화책 보기
53345047,20240424,M,30대,경기도,500이상700만원 미만,마음의 안정-휴식을 위해,자기만족-즐거움을 위해,6,10,50,10,10,30,0,영상 컨텐츠 시청,산책-걷기,독서,없음,없음
53345185,20240424,F,50대,대전광역시,700만원 이상,건강 관리를 위해,자기만족-즐거움을 위해,4,9,20,30,40,10,0,요가-필라테스 직접 하기,독서,산책-걷기,영상 컨텐츠 시청,SNS -인터넷 커뮤니티 활동
53345355,20240424,M,60대,경상북도,300이상500만원 미만,스트레스 해소를 위해,건강 관리를 위해,3,4,20,40,20,20,0,국내 여행,없음,없음,없음,없음
53345489,20240424,M,50대,경상남도,500이상700만원 미만,자기만족-즐거움을 위해,자기 계발을 위해,1,5,20,30,20,20,10,익스트림스포츠 직접하기,문학 직접 활동 및 수강하기,문학 행사 관람,박물관 관람,독서
53345576,20240424,M,50대,부산광역시,500이상700만원 미만,가족-지인 등과 시간을 보내기 위해,자기 계발을 위해,2,4,20,0,30,50,0,걷기-속보-조깅 직접 하기,산책-걷기,국내 프로스포츠 영상 시청,독서,음악-라디오 감상
53345604,20240424,M,20대,광주광역시,무응답,자기만족-즐거움을 위해,없음,16,16,90,0,0,10,0,게임,없음,없음,없음,없음
53345610,20240424,F,40대,대구광역시,300이상500만원 미만,가족-지인 등과 시간을 보내기 위해,자기만족-즐거움을 위해,3,6,60,10,10,20,0,국내 여행,맛집-카페 탐방,쇼핑,산책-걷기,낮잠자기
53345638,20240424,F,50대,경기도,700만원 이상,자기만족-즐거움을 위해,없음,7,14,50,30,10,10,0,독서,쇼핑,음악 직접 활동 및 수강하기,가족-친지 만남,친구-이성친구 만남
53345693,20240424,F,30대,부산광역시,500이상700만원 미만,건강 관리를 위해,마음의 안정-휴식을 위해,2,6,30,30,10,30,0,SNS -인터넷 커뮤니티 활동,만화책 보기,친구-이성친구 만남,헬스-보디빌딩 직접 하기,등산 직접 하기
53345740,20240424,M,50대,경기도,300이상500만원 미만,가족-지인 등과 시간을 보내기 위해,자기 계발을 위해,6,4,50,10,20,10,10,영상 컨텐츠 시청,쇼핑,산책-걷기,어학-기술-자격증 취득,음악-라디오 감상
53345963,20240424,F,60대,서울특별시,700만원 이상,자기만족-즐거움을 위해,대인 관계-교제를 위해,8,8,0,40,10,50,0,음악 직접 활동 및 수강하기,친구-이성친구 만남,영상 컨텐츠 시청,음악-라디오 감상,독서
53346012,20240424,M,50대,대구광역시,300만원 미만,건강 관리를 위해,남는 시간을 보내기 위해,10,10,70,30,0,0,0,기타 스포츠-운동 직접하기,등산 직접 하기,줄넘기-맨손체조-스트레칭 직접 하기,걷기-속보-조깅 직접 하기,영상 컨텐츠 시청
53346248,20240424,F,40대,충청북도,300이상500만원 미만,마음의 안정-휴식을 위해,가족-지인 등과 시간을 보내기 위해,2,4,60,0,30,10,0,만화책 보기,낮잠자기,음악-라디오 감상,국내 프로스포츠 영상 시청,쇼핑
53346395,20240424,M,60대,전라남도,300이상500만원 미만,마음의 안정-휴식을 위해,건강 관리를 위해,1,2,30,20,10,20,20,자전거-싸이클-산악자전거 직접 타기,종교활동,계모임-동창회-사교모임,친구-이성친구 만남,골프 직접 하기
53346448,20240424,F,50대,경기도,300만원 미만,가족-지인 등과 시간을 보내기 위해,자기만족-즐거움을 위해,2,5,10,30,30,30,0,국내 여행,온천-사우나-찜질방,산책-걷기,음악-라디오 감상,없음
53346821,20240424,M,40대,경상남도,500이상700만원 미만,가족-지인 등과 시간을 보내기 위해,스트레스 해소를 위해,2,8,30,0,70,0,0,어학-기술-자격증 취득,기타 자기계발-자기관리,만화책 보기,산책-걷기,소풍-피크닉
53346846,20240424,F,60대,경상북도,300이상500만원 미만,가족-지인 등과 시간을 보내기 위해,대인 관계-교제를 위해,2,3,10,20,20,50,0,수다-잡담하기,산책-걷기,등산 직접 하기,맛집-카페 탐방,종교활동
53346899,20240424,F,30대,경기도,300이상500만원 미만,자기 계발을 위해,자기만족-즐거움을 위해,4,2,90,10,0,0,0,영상 컨텐츠 시청,SNS -인터넷 커뮤니티 활동,소풍-피크닉,가족-친지 만남,산책-걷기
53347001,20240424,M,60대,부산광역시,500이상700만원 미만,자기 계발을 위해,가족-지인 등과 시간을 보내기 위해,3,5,30,20,20,30,0,등산 직접 하기,줄넘기-맨손체조-스트레칭 직접 하기,걷기-속보-조깅 직접 하기,반려동물 돌보기,국내 여행
53347049,20240424,F,30대,서울특별시,700만원 이상,스트레스 해소를 위해,마음의 안정-휴식을 위해,1,3,50,0,0,50,0,쇼핑,가족-친지 만남,친구-이성친구 만남,테마파크-시설 방문,드라이브
53347225,20240424,F,60대,전라남도,300이상500만원 미만,남는 시간을 보내기 위해,가족-지인 등과 시간을 보내기 위해,4,6,50,0,30,0,20,드라이브,해외여행,골프 영상 시청,없음,없음
53347396,20240424,M,40대,경기도,500이상700만원 미만,마음의 안정-휴식을 위해,가족-지인 등과 시간을 보내기 위해,1,3,60,25,5,10,0,산책-걷기,영상 컨텐츠 시청,기타 관광-여행,맛집-카페 탐방,기타 취미-오락-휴식
53347911,20240424,F,20대,경기도,무응답,자기만족-즐거움을 위해,없음,1,3,100,0,0,0,0,산책-걷기,없음,없음,없음,없음
53347958,20240424,F,30대,서울특별시,700만원 이상,자기 계발을 위해,가족-지인 등과 시간을 보내기 위해,2,5,30,30,10,30,0,영화관 관람,해외여행,맛집-카페 탐방,춤-무용 직접 활동 및 수강하기,요가-필라테스 직접 하기
53348006,20240424,F,30대,전라북도,300이상500만원 미만,스트레스 해소를 위해,없음,6,12,90,5,0,5,0,국내 프로스포츠 영상 시청,영상 컨텐츠 시청,없음,없음,없음
53348057,20240424,F,50대,경상남도,300이상500만원 미만,자기 계발을 위해,건강 관리를 위해,2,5,50,0,0,50,0,연극-뮤지컬 관람,기타 자기계발-자기관리,축제 참가,없음,없음
53348340,20240424,M,50대,전라북도,500이상700만원 미만,건강 관리를 위해,자기 계발을 위해,4,8,10,10,70,10,0,어학-기술-자격증 취득,헬스-보디빌딩 직접 하기,골프 영상 시청,자전거-싸이클-산악자전거 직접 타기,걷기-속보-조깅 직접 하기
53348405,20240424,M,60대,전라북도,500이상700만원 미만,마음의 안정-휴식을 위해,가족-지인 등과 시간을 보내기 위해,4,6,30,10,20,40,0,가족-친지 만남,종교활동,낮잠자기,걷기-속보-조깅 직접 하기,줄넘기-맨손체조-스트레칭 직접 하기
53348510,20240424,F,60대,경상남도,700만원 이상,자기만족-즐거움을 위해,가족-지인 등과 시간을 보내기 위해,4,6,5,80,5,10,0,골프 직접 하기,골프 영상 시청,걷기-속보-조깅 직접 하기,사진 직접 활동 및 수강하기,산책-걷기
53348743,20240424,F,30대,경상북도,무응답,가족-지인 등과 시간을 보내기 위해,마음의 안정-휴식을 위해,3,12,90,0,0,10,0,영상 컨텐츠 시청,음악-라디오 감상,낮잠자기,게임,없음
53348839,20240424,F,60대,부산광역시,700만원 이상,건강 관리를 위해,대인 관계-교제를 위해,3,15,10,20,10,50,10,수영 직접 하기,수다-잡담하기,사회봉사활동,기타 사회교류,해외여행
53348846,20240424,F,50대,충청남도,300만원 미만,가족-지인 등과 시간을 보내기 위해,스트레스 해소를 위해,4,8,0,0,30,70,0,기타 관광-여행,없음,없음,없음,없음
53348852,20240424,M,60대,전라북도,500이상700만원 미만,자기 계발을 위해,가족-지인 등과 시간을 보내기 위해,1,5,35,5,15,45,0,사회봉사활동,가족-친지 만남,쇼핑,사진 촬영,SNS -인터넷 커뮤니티 활동
53349176,20240424,F,20대,서울특별시,300만원 미만,스트레스 해소를 위해,자기만족-즐거움을 위해,5,10,50,30,20,0,0,SNS -인터넷 커뮤니티 활동,영상 컨텐츠 시청,기타 취미-오락-휴식,독서,기타 스포츠-운동 직접하기
53349191,20240424,F,50대,경기도,300만원 미만,스트레스 해소를 위해,건강 관리를 위해,1,8,10,10,0,20,60,가족-친지 만남,사진 직접 활동 및 수강하기,없음,없음,없음
53349212,20240424,M,20대,대전광역시,300이상500만원 미만,자기만족-즐거움을 위해,건강 관리를 위해,4,6,20,30,10,40,0,국내 프로스포츠 현장 관람,SNS -인터넷 커뮤니티 활동,맛집-카페 탐방,친구-이성친구 만남,드라이브
53349292,20240424,F,60대,경상남도,300이상500만원 미만,건강 관리를 위해,자기만족-즐거움을 위해,3,5,10,40,30,20,0,영상 컨텐츠 시청,국내 여행,쇼핑,음악-라디오 감상,가족-친지 만남
53349321,20240424,M,60대,서울특별시,700만원 이상,자기만족-즐거움을 위해,건강 관리를 위해,5,3,20,30,30,20,0,자전거-싸이클-산악자전거 직접 타기,사진 촬영,걷기-속보-조깅 직접 하기,종교활동,국내 여행
53349356,20240424,M,50대,경상북도,500이상700만원 미만,건강 관리를 위해,마음의 안정-휴식을 위해,1,2,25,25,0,50,0,걷기-속보-조깅 직접 하기,종교활동,골프 직접 하기,국내 여행,없음
53349358,20240424,F,20대,경상북도,500이상700만원 미만,자기만족-즐거움을 위해,스트레스 해소를 위해,3,10,40,20,10,30,0,자전거-싸이클-산악자전거 직접 타기,음주-유흥,영상 컨텐츠 시청,드라이브,국내 여행
53349361,20240424,M,60대,경기도,500이상700만원 미만,자기만족-즐거움을 위해,건강 관리를 위해,2,2,20,70,10,0,0,국내 여행,캠핑-차박,산책-걷기,음악 직접 활동 및 수강하기,친구-이성친구 만남
53349508,20240424,F,40대,경기도,300이상500만원 미만,마음의 안정-휴식을 위해,자기만족-즐거움을 위해,3,14,30,5,15,50,0,국내 여행,수다-잡담하기,온천-사우나-찜질방,드라이브,없음
53349518,20240424,M,40대,세종특별자치시,500이상700만원 미만,마음의 안정-휴식을 위해,가족-지인 등과 시간을 보내기 위해,4,8,70,0,20,10,0,e스포츠 영상 시청,영상 컨텐츠 시청,헬스-보디빌딩 직접 하기,낮잠자기,기타 관광-여행
53349826,20240424,F,20대,대구광역시,500이상700만원 미만,자기만족-즐거움을 위해,마음의 안정-휴식을 위해,3,6,60,10,20,10,0,영상 컨텐츠 시청,음악-라디오 감상,미용,쇼핑,기타 자기계발-자기관리
53350147,20240424,F,30대,강원도,300만원 미만,스트레스 해소를 위해,가족-지인 등과 시간을 보내기 위해,1,2,80,0,0,0,20,음주-유흥,낮잠자기,요리-베이킹,국내 여행,수다-잡담하기
53350238,20240424,F,60대,부산광역시,500이상700만원 미만,건강 관리를 위해,마음의 안정-휴식을 위해,3,8,30,30,0,40,0,종교활동,계모임-동창회-사교모임,가족-친지 만남,산책-걷기,쇼핑
53350466,20240424,M,50대,경기도,300이상500만원 미만,스트레스 해소를 위해,대인 관계-교제를 위해,3,5,20,10,20,50,0,걷기-속보-조깅 직접 하기,자전거-싸이클-산악자전거 직접 타기,없음,없음,없음
53350579,20240424,F,20대,경상남도,500이상700만원 미만,마음의 안정-휴식을 위해,자기 계발을 위해,2,2,50,20,25,5,0,반려동물 돌보기,영상 컨텐츠 시청,독서,산책-걷기,음악-라디오 감상
53350582,20240424,F,60대,충청북도,700만원 이상,자기만족-즐거움을 위해,대인 관계-교제를 위해,8,10,50,20,0,30,0,골프 직접 하기,가족-친지 만남,해외여행,산책-걷기,기타 관광-여행
53350677,20240424,M,50대,광주광역시,700만원 이상,스트레스 해소를 위해,건강 관리를 위해,2,4,10,80,10,0,0,쇼핑,걷기-속보-조깅 직접 하기,산책-걷기,독서,낮잠자기
53350690,20240424,M,30대,울산광역시,300만원 미만,자기만족-즐거움을 위해,가족-지인 등과 시간을 보내기 위해,3,1,30,0,20,50,0,반려동물 돌보기,게임,만화책 보기,요리-베이킹,친구-이성친구 만남
53350909,20240424,M,60대,경상북도,300이상500만원 미만,건강 관리를 위해,마음의 안정-휴식을 위해,2,4,10,70,5,15,0,산책-걷기,요리-베이킹,해외 프로스포츠 영상 시청,생활공예-원예,사회봉사활동
53350934,20240424,M,40대,경상남도,300이상500만원 미만,가족-지인 등과 시간을 보내기 위해,마음의 안정-휴식을 위해,2,8,50,20,20,10,0,영상 컨텐츠 시청,테마파크-시설 방문,낮잠자기,없음,없음
53351007,20240424,M,60대,경상북도,300이상500만원 미만,건강 관리를 위해,가족-지인 등과 시간을 보내기 위해,4,8,50,50,0,0,0,골프 직접 하기,국내 여행,없음,없음,없음
53351069,20240424,F,50대,경상북도,300만원 미만,가족-지인 등과 시간을 보내기 위해,건강 관리를 위해,1,3,50,30,0,20,0,등산 직접 하기,산책-걷기,쇼핑,없음,없음
53351111,20240424,M,50대,제주특별자치도,300이상500만원 미만,마음의 안정-휴식을 위해,건강 관리를 위해,2,4,40,15,10,30,5,낮잠자기,기타 사회교류,종교활동,영상 컨텐츠 시청,국내 프로스포츠 현장 관람
53351182,20240424,M,30대,충청남도,500이상700만원 미만,마음의 안정-휴식을 위해,자기만족-즐거움을 위해,2,2,60,0,0,40,0,신문-잡지보기,없음,없음,없음,없음
53351210,20240424,M,30대,경상남도,300이상500만원 미만,가족-지인 등과 시간을 보내기 위해,자기만족-즐거움을 위해,3,6,30,0,10,60,0,맛집-카페 탐방,게임,영상 컨텐츠 시청,온천-사우나-찜질방,산책-걷기
53351252,20240424,F,60대,인천광역시,300이상500만원 미만,마음의 안정-휴식을 위해,없음,3,3,30,10,20,30,10,기타 취미-오락-휴식,맛집-카페 탐방,국내 여행,음악-라디오 감상,영상 컨텐츠 시청
53351342,20240424,F,60대,광주광역시,300만원 미만,건강 관리를 위해,자기 계발을 위해,2,10,20,40,20,20,0,맛집-카페 탐방,영상 컨텐츠 시청,국내 프로스포츠 영상 시청,요리-베이킹,걷기-속보-조깅 직접 하기
53351371,20240424,M,40대,대전광역시,700만원 이상,마음의 안정-휴식을 위해,자기만족-즐거움을 위해,2,5,45,30,20,5,0,낮잠자기,영상 컨텐츠 시청,국내 프로스포츠 현장 관람,국내 여행,구기스포츠 직접 하기
53351472,20240424,M,40대,경기도,500이상700만원 미만,자기만족-즐거움을 위해,가족-지인 등과 시간을 보내기 위해,1,3,10,20,30,40,0,친구-이성친구 만남,라켓스포츠 직접 하기,기타 자기계발-자기관리,게임,영화관 관람
53351508,20240424,F,50대,서울특별시,300만원 미만,남는 시간을 보내기 위해,마음의 안정-휴식을 위해,2,2,90,10,0,0,0,음악-라디오 감상,산책-걷기,드라이브,없음,없음
53351669,20240424,M,40대,경기도,300이상500만원 미만,자기만족-즐거움을 위해,가족-지인 등과 시간을 보내기 위해,1,8,20,10,20,50,0,걷기-속보-조깅 직접 하기,골프 직접 하기,산책-걷기,영화관 관람,반려동물 돌보기
53351739,20240424,F,60대,대구광역시,700만원 이상,가족-지인 등과 시간을 보내기 위해,대인 관계-교제를 위해,2,6,50,10,10,30,0,국내 여행,박물관 관람,없음,없음,없음
53352417,20240424,M,30대,경상남도,300이상500만원 미만,가족-지인 등과 시간을 보내기 위해,건강 관리를 위해,3,6,30,10,20,40,0,걷기-속보-조깅 직접 하기,종교활동,가족-친지 만남,요리-베이킹,영상 컨텐츠 시청
53352496,20240424,M,30대,경상남도,300이상500만원 미만,마음의 안정-휴식을 위해,건강 관리를 위해,2,6,50,50,0,0,0,줄넘기-맨손체조-스트레칭 직접 하기,독서,없음,없음,없음
53352567,20240424,F,60대,인천광역시,500이상700만원 미만,마음의 안정-휴식을 위해,스트레스 해소를 위해,1,3,60,0,0,40,0,영상 컨텐츠 시청,SNS -인터넷 커뮤니티 활동,국내 여행,영화관 관람,산책-걷기
53352586,20240424,F,40대,경기도,500이상700만원 미만,마음의 안정-휴식을 위해,자기만족-즐거움을 위해,4,4,30,20,30,20,0,어학-기술-자격증 취득,드라이브,SNS -인터넷 커뮤니티 활동,쇼핑,산책-걷기
53352660,20240424,F,50대,부산광역시,700만원 이상,마음의 안정-휴식을 위해,남는 시간을 보내기 위해,4,16,20,20,10,10,40,국내 여행,등산 직접 하기,영화관 관람,산책-걷기,친구-이성친구 만남
53352850,20240424,F,60대,부산광역시,300이상500만원 미만,건강 관리를 위해,자기 계발을 위해,3,5,0,60,40,0,0,등산 직접 하기,요가-필라테스 직접 하기,국내 여행,걷기-속보-조깅 직접 하기,해외여행
53353007,20240424,M,50대,경기도,300이상500만원 미만,자기만족-즐거움을 위해,마음의 안정-휴식을 위해,5,14,50,50,0,0,0,게임,영상 컨텐츠 시청,캠핑-차박,낚시,없음
53353205,20240424,M,60대,경기도,700만원 이상,건강 관리를 위해,가족-지인 등과 시간을 보내기 위해,8,16,10,70,10,10,0,산책-걷기,국내 여행,기타 스포츠-운동 직접하기,쇼핑,가족-친지 만남
53353230,20240424,M,50대,광주광역시,300만원 미만,건강 관리를 위해,마음의 안정-휴식을 위해,1,1,0,0,0,0,100,등산 직접 하기,반려동물 돌보기,영상 컨텐츠 시청,걷기-속보-조깅 직접 하기,없음
53353307,20240424,M,30대,인천광역시,300이상500만원 미만,건강 관리를 위해,가족-지인 등과 시간을 보내기 위해,3,8,20,50,5,25,0,헬스-보디빌딩 직접 하기,등산 직접 하기,사진 촬영,없음,없음
53353378,20240424,F,30대,경기도,700만원 이상,마음의 안정-휴식을 위해,없음,2,2,40,0,10,30,20,독서,쇼핑,SNS -인터넷 커뮤니티 활동,음악-라디오 감상,없음
53353498,20240424,F,60대,서울특별시,500이상700만원 미만,자기 계발을 위해,자기만족-즐거움을 위해,5,4,20,40,30,10,0,미술관-전시관 관람,산책-걷기,독서,음악 공연 관람,어학-기술-자격증 취득
53353499,20240424,F,60대,인천광역시,700만원 이상,스트레스 해소를 위해,대인 관계-교제를 위해,2,4,30,0,0,70,0,산책-걷기,쇼핑,종교활동,영상 컨텐츠 시청,수다-잡담하기
53353618,20240424,M,50대,부산광역시,700만원 이상,스트레스 해소를 위해,마음의 안정-휴식을 위해,4,6,45,0,0,0,55,영상 컨텐츠 시청,음주-유흥,국내 프로스포츠 영상 시청,없음,없음
53353905,20240424,F,30대,제주특별자치도,300이상500만원 미만,가족-지인 등과 시간을 보내기 위해,자기만족-즐거움을 위해,1,1,50,15,15,20,0,영상 컨텐츠 시청,음악-라디오 감상,없음,없음,없음
53353926,20240424,F,50대,대전광역시,300이상500만원 미만,가족-지인 등과 시간을 보내기 위해,자기만족-즐거움을 위해,2,1,70,30,0,0,0,캠핑-차박,산책-걷기,영상 컨텐츠 시청,없음,없음
53353959,20240424,M,60대,부산광역시,300만원 미만,자기만족-즐거움을 위해,건강 관리를 위해,3,10,30,20,30,20,0,게임,음악-라디오 감상,걷기-속보-조깅 직접 하기,신문-잡지보기,없음
53354028,20240424,M,60대,대전광역시,700만원 이상,마음의 안정-휴식을 위해,대인 관계-교제를 위해,5,5,5,45,0,35,15,산책-걷기,걷기-속보-조깅 직접 하기,계모임-동창회-사교모임,없음,없음
53354038,20240424,M,30대,경기도,300이상500만원 미만,가족-지인 등과 시간을 보내기 위해,마음의 안정-휴식을 위해,1,5,20,20,20,40,0,자전거-싸이클-산악자전거 직접 타기,없음,없음,없음,없음
53354339,20240424,F,30대,경기도,무응답,스트레스 해소를 위해,자기만족-즐거움을 위해,1,6,80,0,0,20,0,산책-걷기,맛집-카페 탐방,없음,없음,없음
53354370,20240424,F,50대,강원도,300이상500만원 미만,남는 시간을 보내기 위해,없음,1,1,100,0,0,0,0,요가-필라테스 직접 하기,산책-걷기,수다-잡담하기,어학-기술-자격증 취득,걷기-속보-조깅 직접 하기
53354498,20240424,F,60대,울산광역시,500이상700만원 미만,건강 관리를 위해,마음의 안정-휴식을 위해,3,1,40,0,0,0,60,쇼핑,없음,없음,없음,없음
53354543,20240424,M,50대,충청남도,700만원 이상,자기만족-즐거움을 위해,건강 관리를 위해,2,6,0,70,0,30,0,테마파크-시설 방문,걷기-속보-조깅 직접 하기,드라이브,국내 여행,캠핑-차박
53354558,20240424,F,60대,경상북도,300만원 미만,자기만족-즐거움을 위해,스트레스 해소를 위해,4,5,20,0,0,0,80,가족-친지 만남,친구-이성친구 만남,걷기-속보-조깅 직접 하기,계모임-동창회-사교모임,없음
53354786,20240424,M,20대,울산광역시,700만원 이상,스트레스 해소를 위해,자기만족-즐거움을 위해,2,5,30,40,20,10,0,걷기-속보-조깅 직접 하기,게임,낮잠자기,쇼핑,음악-라디오 감상
53354839,20240424,F,60대,경상남도,700만원 이상,마음의 안정-휴식을 위해,건강 관리를 위해,5,5,60,20,20,0,0,쇼핑,등산 직접 하기,국내 여행,생활공예-원예,걷기-속보-조깅 직접 하기
53354852,20240424,F,50대,전라북도,700만원 이상,건강 관리를 위해,가족-지인 등과 시간을 보내기 위해,2,6,60,0,0,40,0,쇼핑,산책-걷기,종교활동,낮잠자기,기타 관광-여행
53354886,20240424,F,20대,대구광역시,300만원 미만,자기만족-즐거움을 위해,가족-지인 등과 시간을 보내기 위해,4,6,30,0,10,60,0,산책-걷기,친구-이성친구 만남,수다-잡담하기,없음,없음
53354912,20240424,M,50대,경기도,700만원 이상,마음의 안정-휴식을 위해,스트레스 해소를 위해,1,3,30,30,10,20,10,게임,독서,낮잠자기,쇼핑,산책-걷기
53355261,20240424,M,50대,강원도,700만원 이상,건강 관리를 위해,가족-지인 등과 시간을 보내기 위해,3,6,50,40,0,10,0,걷기-속보-조깅 직접 하기,영상 컨텐츠 시청,헬스-보디빌딩 직접 하기,맛집-카페 탐방,낮잠자기
53355449,20240424,F,30대,부산광역시,300이상500만원 미만,마음의 안정-휴식을 위해,스트레스 해소를 위해,1,2,100,0,0,0,0,낮잠자기,없음,없음,없음,없음
53355516,20240424,F,20대,인천광역시,300만원 미만,마음의 안정-휴식을 위해,자기만족-즐거움을 위해,5,10,45,10,15,30,0,미용,어학-기술-자격증 취득,영화관 관람,독서,미술관-전시관 관람
53355553,20240424,M,40대,경상북도,300이상500만원 미만,가족-지인 등과 시간을 보내기 위해,스트레스 해소를 위해,0,6,20,0,20,60,0,게임,만화책 보기,없음,없음,없음
53355571,20240424,M,30대,서울특별시,300이상500만원 미만,스트레스 해소를 위해,마음의 안정-휴식을 위해,1,3,10,10,50,30,0,독서,가족-친지 만남,수다-잡담하기,영화관 관람,친구-이성친구 만남
53355640,20240424,F,50대,제주특별자치도,300이상500만원 미만,자기 계발을 위해,없음,2,5,10,10,60,20,0,어학-기술-자격증 취득,만화책 보기,박물관 관람,영상 컨텐츠 시청,신문-잡지보기
53355647,20240424,M,40대,충청남도,300만원 미만,가족-지인 등과 시간을 보내기 위해,없음,12,12,80,20,0,0,0,축제 참가,없음,없음,없음,없음
53355802,20240424,M,40대,충청남도,700만원 이상,자기 계발을 위해,가족-지인 등과 시간을 보내기 위해,2,4,20,80,0,0,0,걷기-속보-조깅 직접 하기,영상 컨텐츠 시청,없음,없음,없음
53355947,20240424,F,50대,서울특별시,700만원 이상,건강 관리를 위해,가족-지인 등과 시간을 보내기 위해,2,4,40,10,10,20,20,맛집-카페 탐방,걷기-속보-조깅 직접 하기,낮잠자기,종교활동,댄스스포츠 직접 하기
53355961,20240424,M,30대,부산광역시,500이상700만원 미만,스트레스 해소를 위해,건강 관리를 위해,5,9,50,0,30,20,0,맛집-카페 탐방,낮잠자기,등산 직접 하기,국내 프로스포츠 영상 시청,국내 여행
53356140,20240424,M,30대,대구광역시,700만원 이상,스트레스 해소를 위해,건강 관리를 위해,2,4,0,100,0,0,0,헬스-보디빌딩 직접 하기,해외여행,없음,없음,없음
53356189,20240424,F,60대,전라남도,300이상500만원 미만,건강 관리를 위해,마음의 안정-휴식을 위해,4,8,70,0,30,0,0,드라이브,없음,없음,없음,없음
53356221,20240424,M,50대,부산광역시,700만원 이상,대인 관계-교제를 위해,건강 관리를 위해,2,4,50,50,0,0,0,골프 직접 하기,친구-이성친구 만남,없음,없음,없음
53356368,20240424,M,60대,인천광역시,무응답,자기만족-즐거움을 위해,없음,3,1,30,20,10,40,0,걷기-속보-조깅 직접 하기,없음,없음,없음,없음
53356420,20240424,F,40대,광주광역시,300만원 미만,마음의 안정-휴식을 위해,스트레스 해소를 위해,8,9,70,0,20,10,0,SNS -인터넷 커뮤니티 활동,산책-걷기,낮잠자기,없음,없음
53356655,20240424,F,60대,경기도,300이상500만원 미만,건강 관리를 위해,마음의 안정-휴식을 위해,1,2,30,40,0,30,0,요가-필라테스 직접 하기,없음,없음,없음,없음
53356700,20240424,M,50대,대구광역시,500이상700만원 미만,건강 관리를 위해,자기 계발을 위해,4,8,10,90,0,0,0,수영 직접 하기,없음,없음,없음,없음
53356914,20240424,F,20대,서울특별시,무응답,건강 관리를 위해,가족-지인 등과 시간을 보내기 위해,3,3,40,20,10,30,0,영상 컨텐츠 시청,SNS -인터넷 커뮤니티 활동,게임,만화책 보기,헬스-보디빌딩 직접 하기
53356917,20240424,F,20대,충청북도,700만원 이상,마음의 안정-휴식을 위해,가족-지인 등과 시간을 보내기 위해,2,5,80,0,0,20,0,국내 프로스포츠 영상 시청,영상 컨텐츠 시청,없음,없음,없음
53357203,20240424,F,30대,전라북도,700만원 이상,마음의 안정-휴식을 위해,스트레스 해소를 위해,3,14,90,0,5,5,0,만화책 보기,영상 컨텐츠 시청,게임,맛집-카페 탐방,수다-잡담하기
53357327,20240424,M,40대,전라북도,700만원 이상,마음의 안정-휴식을 위해,가족-지인 등과 시간을 보내기 위해,5,12,60,5,5,30,0,쇼핑,게임,영상 컨텐츠 시청,친구-이성친구 만남,국내 여행
53357566,20240424,M,50대,서울특별시,700만원 이상,마음의 안정-휴식을 위해,남는 시간을 보내기 위해,2,8,90,0,0,10,0,영상 컨텐츠 시청,쇼핑,낮잠자기,없음,없음
53357675,20240424,F,60대,경기도,300만원 미만,대인 관계-교제를 위해,자기만족-즐거움을 위해,8,6,70,5,5,20,0,음악 공연 관람,국내 여행,해외여행,사회봉사활동,가족-친지 만남
53357688,20240424,M,40대,경기도,300이상500만원 미만,가족-지인 등과 시간을 보내기 위해,스트레스 해소를 위해,3,8,70,0,0,30,0,가족-친지 만남,친구-이성친구 만남,만화책 보기,낮잠자기,영상 컨텐츠 시청
53357722,20240424,F,50대,대구광역시,300만원 미만,마음의 안정-휴식을 위해,가족-지인 등과 시간을 보내기 위해,3,4,15,10,60,15,0,생활공예-원예,드라이브,음악-라디오 감상,사회봉사활동,낮잠자기
53357746,20240424,M,40대,강원도,300이상500만원 미만,마음의 안정-휴식을 위해,가족-지인 등과 시간을 보내기 위해,1,0,60,20,20,0,0,반려동물 돌보기,걷기-속보-조깅 직접 하기,요리-베이킹,없음,없음
53357818,20240424,F,50대,서울특별시,300만원 미만,남는 시간을 보내기 위해,건강 관리를 위해,1,2,90,0,0,0,10,영화관 관람,없음,없음,없음,없음
53358018,20240424,F,60대,강원도,300이상500만원 미만,마음의 안정-휴식을 위해,가족-지인 등과 시간을 보내기 위해,2,5,40,10,20,30,0,산책-걷기,없음,없음,없음,없음
53358103,20240424,M,40대,부산광역시,300만원 미만,마음의 안정-휴식을 위해,자기만족-즐거움을 위해,1,5,80,0,20,0,0,갬블,만화책 보기,종교활동,낮잠자기,기타 취미-오락-휴식
53358246,20240424,M,60대,경기도,300만원 미만,자기만족-즐거움을 위해,남는 시간을 보내기 위해,10,10,80,0,0,20,0,기타 스포츠 영상-현장 관람,친구-이성친구 만남,맛집-카페 탐방,해외여행,음주-유흥
53358480,20240424,M,40대,경상북도,300만원 미만,자기만족-즐거움을 위해,건강 관리를 위해,3,5,50,30,0,20,0,산책-걷기,없음,없음,없음,없음
53358522,20240424,F,20대,경상북도,300만원 미만,스트레스 해소를 위해,마음의 안정-휴식을 위해,2,5,40,0,10,50,0,국내 여행,영상 컨텐츠 시청,가족-친지 만남,맛집-카페 탐방,친구-이성친구 만남
53358527,20240424,F,50대,부산광역시,300만원 미만,자기 계발을 위해,건강 관리를 위해,4,0,40,30,10,20,0,반려동물 돌보기,만화책 보기,걷기-속보-조깅 직접 하기,국내 프로스포츠 영상 시청,요리-베이킹
53358578,20240424,M,60대,대구광역시,500이상700만원 미만,건강 관리를 위해,남는 시간을 보내기 위해,3,5,60,10,5,25,0,산책-걷기,맛집-카페 탐방,영상 컨텐츠 시청,없음,없음
53358646,20240424,F,40대,경상북도,300이상500만원 미만,자기만족-즐거움을 위해,마음의 안정-휴식을 위해,3,8,30,50,20,0,0,산책-걷기,쇼핑,영상 컨텐츠 시청,없음,없음
53358719,20240424,M,50대,대전광역시,300이상500만원 미만,건강 관리를 위해,자기만족-즐거움을 위해,1,2,0,70,30,0,0,국내 프로스포츠 영상 시청,없음,없음,없음,없음
53358837,20240424,M,20대,인천광역시,700만원 이상,마음의 안정-휴식을 위해,스트레스 해소를 위해,3,5,30,50,0,20,0,헬스-보디빌딩 직접 하기,음주-유흥,수다-잡담하기,맛집-카페 탐방,산책-걷기
53358853,20240424,F,20대,경기도,무응답,스트레스 해소를 위해,자기만족-즐거움을 위해,4,6,75,0,25,0,0,게임,없음,없음,없음,없음
53359132,20240424,F,60대,경기도,300만원 미만,스트레스 해소를 위해,자기만족-즐거움을 위해,2,2,100,0,0,0,0,드라이브,산책-걷기,맛집-카페 탐방,걷기-속보-조깅 직접 하기,낮잠자기
53359179,20240424,F,50대,강원도,무응답,마음의 안정-휴식을 위해,건강 관리를 위해,7,12,80,10,0,10,0,걷기-속보-조깅 직접 하기,줄넘기-맨손체조-스트레칭 직접 하기,없음,없음,없음
53359225,20240424,M,30대,경상남도,700만원 이상,가족-지인 등과 시간을 보내기 위해,마음의 안정-휴식을 위해,4,4,70,0,0,30,0,게임,맛집-카페 탐방,국내 여행,요리-베이킹,드라이브
53359283,20240424,M,40대,부산광역시,300만원 미만,가족-지인 등과 시간을 보내기 위해,마음의 안정-휴식을 위해,2,7,50,20,20,10,0,골프 직접 하기,걷기-속보-조깅 직접 하기,국내 여행,없음,없음
53359316,20240424,F,40대,경기도,500이상700만원 미만,자기 계발을 위해,가족-지인 등과 시간을 보내기 위해,0,3,0,0,70,30,0,독서,어학-기술-자격증 취득,요가-필라테스 직접 하기,없음,없음
53359454,20240424,M,30대,서울특별시,300이상500만원 미만,자기만족-즐거움을 위해,스트레스 해소를 위해,2,5,40,10,10,40,0,계모임-동창회-사교모임,가족-친지 만남,국내 여행,쇼핑,영화관 관람
53359469,20240424,M,50대,제주특별자치도,700만원 이상,마음의 안정-휴식을 위해,가족-지인 등과 시간을 보내기 위해,2,5,40,10,10,40,0,음주-유흥,반려동물 돌보기,낮잠자기,쇼핑,갬블
53359554,20240424,M,50대,경상북도,300이상500만원 미만,가족-지인 등과 시간을 보내기 위해,마음의 안정-휴식을 위해,2,4,30,10,0,40,20,온천-사우나-찜질방,없음,없음,없음,없음
53359621,20240424,M,20대,경기도,300만원 미만,마음의 안정-휴식을 위해,스트레스 해소를 위해,2,4,20,30,0,50,0,종교활동,쇼핑,해외여행,구기스포츠 직접 하기,영상 컨텐츠 시청
53359790,20240424,F,20대,전라북도,무응답,스트레스 해소를 위해,가족-지인 등과 시간을 보내기 위해,3,8,10,10,10,70,0,국내 여행,없음,없음,없음,없음
53359854,20240424,F,60대,충청남도,300이상500만원 미만,자기 계발을 위해,없음,1,5,10,10,10,10,60,음악 직접 활동 및 수강하기,없음,없음,없음,없음
53360041,20240424,F,20대,서울특별시,300이상500만원 미만,마음의 안정-휴식을 위해,대인 관계-교제를 위해,6,14,80,0,0,20,0,낮잠자기,SNS -인터넷 커뮤니티 활동,만화책 보기,쇼핑,음주-유흥
53360168,20240424,M,50대,부산광역시,500이상700만원 미만,자기 계발을 위해,자기만족-즐거움을 위해,2,6,30,30,30,10,0,헬스-보디빌딩 직접 하기,계모임-동창회-사교모임,볼링_ 당구-포켓볼 직접 하기,라켓스포츠 직접 하기,쇼핑
53360273,20240424,M,50대,경기도,700만원 이상,건강 관리를 위해,자기만족-즐거움을 위해,15,5,20,60,20,0,0,영상 컨텐츠 시청,등산 직접 하기,산책-걷기,헬스-보디빌딩 직접 하기,맛집-카페 탐방
53360306,20240424,M,50대,경기도,500이상700만원 미만,마음의 안정-휴식을 위해,스트레스 해소를 위해,1,5,50,0,40,10,0,어학-기술-자격증 취득,독서,걷기-속보-조깅 직접 하기,낮잠자기,산책-걷기
53360307,20240424,M,50대,충청북도,500이상700만원 미만,자기만족-즐거움을 위해,대인 관계-교제를 위해,1,4,20,20,20,40,0,독서,해외여행,없음,없음,없음
53360434,20240424,F,60대,경상남도,700만원 이상,자기만족-즐거움을 위해,가족-지인 등과 시간을 보내기 위해,1,3,30,30,10,30,0,줄넘기-맨손체조-스트레칭 직접 하기,생활공예-원예,걷기-속보-조깅 직접 하기,가족-친지 만남,산책-걷기
53360972,20240424,M,50대,충청북도,700만원 이상,가족-지인 등과 시간을 보내기 위해,없음,2,6,40,0,0,60,0,영화관 관람,국내 여행,산책-걷기,드라이브,음주-유흥
53361006,20240424,F,40대,강원도,300이상500만원 미만,마음의 안정-휴식을 위해,가족-지인 등과 시간을 보내기 위해,2,10,80,10,0,10,0,만화책 보기,SNS -인터넷 커뮤니티 활동,영상 컨텐츠 시청,걷기-속보-조깅 직접 하기,없음
53361179,20240424,M,30대,경기도,500이상700만원 미만,건강 관리를 위해,마음의 안정-휴식을 위해,2,2,0,80,20,0,0,수영 직접 하기,라켓스포츠 직접 하기,국내 여행,없음,없음
53361270,20240424,F,50대,경기도,500이상700만원 미만,자기만족-즐거움을 위해,마음의 안정-휴식을 위해,2,2,30,10,40,10,10,산책-걷기,드라이브,낮잠자기,없음,없음
53361588,20240424,F,50대,경기도,700만원 이상,마음의 안정-휴식을 위해,자기 계발을 위해,1,1,10,90,0,0,0,미술 직접 활동 및 수강하기,국내 여행,산책-걷기,없음,없음
53361649,20240424,F,30대,광주광역시,무응답,자기만족-즐거움을 위해,가족-지인 등과 시간을 보내기 위해,15,15,80,10,0,10,0,영상 컨텐츠 시청,헬스-보디빌딩 직접 하기,없음,없음,없음
53361669,20240424,M,40대,서울특별시,700만원 이상,마음의 안정-휴식을 위해,스트레스 해소를 위해,2,5,90,0,0,10,0,영상 컨텐츠 시청,음악-라디오 감상,국내 여행,사진 촬영,영화관 관람
53361742,20240424,M,40대,세종특별자치시,700만원 이상,자기만족-즐거움을 위해,가족-지인 등과 시간을 보내기 위해,4,6,50,20,0,30,0,헬스-보디빌딩 직접 하기,쇼핑,가족-친지 만남,국내 여행,인테리어
53361784,20240424,M,60대,대전광역시,300만원 미만,스트레스 해소를 위해,건강 관리를 위해,3,3,60,40,0,0,0,라켓스포츠 직접 하기,볼링_ 당구-포켓볼 직접 하기,캠핑-차박,없음,없음
53361796,20240424,F,40대,충청북도,500이상700만원 미만,건강 관리를 위해,가족-지인 등과 시간을 보내기 위해,2,4,10,40,20,30,0,걷기-속보-조깅 직접 하기,쇼핑,요리-베이킹,드라이브,독서
53361814,20240424,M,40대,강원도,300이상500만원 미만,가족-지인 등과 시간을 보내기 위해,자기 계발을 위해,1,1,40,0,20,40,0,음악-라디오 감상,없음,없음,없음,없음
53361826,20240424,M,60대,제주특별자치도,500이상700만원 미만,건강 관리를 위해,자기만족-즐거움을 위해,6,6,40,0,10,50,0,종교활동,사회봉사활동,없음,없음,없음
53361899,20240424,M,40대,인천광역시,700만원 이상,자기 계발을 위해,대인 관계-교제를 위해,5,16,20,20,30,30,0,어학-기술-자격증 취득,골프 직접 하기,친구-이성친구 만남,없음,없음
53361968,20240424,F,60대,서울특별시,300이상500만원 미만,스트레스 해소를 위해,자기만족-즐거움을 위해,2,4,30,0,0,0,70,영상 컨텐츠 시청,쇼핑,산책-걷기,가족-친지 만남,음악-라디오 감상
53362519,20240424,F,20대,대전광역시,300이상500만원 미만,남는 시간을 보내기 위해,자기만족-즐거움을 위해,1,8,50,20,0,30,0,산책-걷기,생활공예-원예,게임,헬스-보디빌딩 직접 하기,가족-친지 만남
53362532,20240424,F,50대,강원도,500이상700만원 미만,마음의 안정-휴식을 위해,건강 관리를 위해,3,5,50,0,0,0,50,온천-사우나-찜질방,산책-걷기,친구-이성친구 만남,가족-친지 만남,없음
53362610,20240424,M,20대,부산광역시,무응답,가족-지인 등과 시간을 보내기 위해,없음,5,5,7,80,0,13,0,친구-이성친구 만남,없음,없음,없음,없음
53362810,20240424,F,60대,서울특별시,700만원 이상,가족-지인 등과 시간을 보내기 위해,대인 관계-교제를 위해,1,3,30,0,0,70,0,산책-걷기,수다-잡담하기,종교활동,가족-친지 만남,국내 여행
53362832,20240424,F,30대,대전광역시,300이상500만원 미만,마음의 안정-휴식을 위해,스트레스 해소를 위해,5,5,90,5,5,0,0,게임,영상 컨텐츠 시청,낮잠자기,없음,없음
53363028,20240424,M,60대,서울특별시,300만원 미만,스트레스 해소를 위해,건강 관리를 위해,3,3,0,70,30,0,0,해외 프로스포츠 영상 시청,산책-걷기,음악-라디오 감상,걷기-속보-조깅 직접 하기,어학-기술-자격증 취득
53363086,20240424,M,50대,충청북도,300이상500만원 미만,자기 계발을 위해,자기만족-즐거움을 위해,4,12,15,10,70,5,0,독서,영상 컨텐츠 시청,기타 자기계발-자기관리,걷기-속보-조깅 직접 하기,산책-걷기
53363161,20240424,M,30대,인천광역시,500이상700만원 미만,자기만족-즐거움을 위해,없음,1,1,100,0,0,0,0,만화책 보기,게임,없음,없음,없음
53363227,20240424,F,50대,경상북도,700만원 이상,남는 시간을 보내기 위해,가족-지인 등과 시간을 보내기 위해,2,10,80,0,0,20,0,산책-걷기,낮잠자기,국내 프로스포츠 영상 시청,만화책 보기,쇼핑
53363610,20240424,M,50대,인천광역시,700만원 이상,스트레스 해소를 위해,마음의 안정-휴식을 위해,1,1,100,0,0,0,0,영상 컨텐츠 시청,산책-걷기,드라이브,맛집-카페 탐방,쇼핑
53363643,20240424,M,30대,대구광역시,300만원 미만,남는 시간을 보내기 위해,가족-지인 등과 시간을 보내기 위해,2,1,50,10,10,30,0,음악 공연 관람,없음,없음,없음,없음
53363692,20240424,F,50대,경상남도,300이상500만원 미만,건강 관리를 위해,마음의 안정-휴식을 위해,2,8,50,40,10,0,0,걷기-속보-조깅 직접 하기,산책-걷기,온천-사우나-찜질방,음주-유흥,영상 컨텐츠 시청
53363716,20240424,F,50대,인천광역시,700만원 이상,마음의 안정-휴식을 위해,자기만족-즐거움을 위해,3,8,80,0,20,0,0,영상 컨텐츠 시청,기타 자기계발-자기관리,쇼핑,산책-걷기,요리-베이킹
53363738,20240424,M,50대,서울특별시,700만원 이상,자기만족-즐거움을 위해,가족-지인 등과 시간을 보내기 위해,3,5,50,20,0,30,0,골프 직접 하기,산책-걷기,골프 영상 시청,계모임-동창회-사교모임,없음
53363815,20240424,F,20대,경기도,무응답,자기만족-즐거움을 위해,자기 계발을 위해,3,5,70,20,10,0,0,영상 컨텐츠 시청,SNS -인터넷 커뮤니티 활동,만화책 보기,헬스-보디빌딩 직접 하기,낮잠자기
53363898,20240424,F,30대,경기도,700만원 이상,자기만족-즐거움을 위해,남는 시간을 보내기 위해,5,8,10,10,60,20,0,독서,산책-걷기,만화책 보기,쇼핑,미용
53363909,20240424,M,60대,강원도,300이상500만원 미만,건강 관리를 위해,자기만족-즐거움을 위해,1,1,70,0,0,30,0,걷기-속보-조깅 직접 하기,쇼핑,사진 촬영,산책-걷기,영상 컨텐츠 시청
53364008,20240424,F,40대,서울특별시,300만원 미만,스트레스 해소를 위해,가족-지인 등과 시간을 보내기 위해,4,8,30,10,10,50,0,음주-유흥,영상 컨텐츠 시청,없음,없음,없음
53364189,20240424,F,50대,충청북도,300이상500만원 미만,자기만족-즐거움을 위해,없음,4,10,50,0,0,50,0,음악-라디오 감상,영상 컨텐츠 시청,산책-걷기,미술관-전시관 관람,친구-이성친구 만남
53364197,20240424,M,50대,서울특별시,700만원 이상,자기만족-즐거움을 위해,가족-지인 등과 시간을 보내기 위해,1,4,50,20,30,0,0,걷기-속보-조깅 직접 하기,영화관 관람,산책-걷기,음악-라디오 감상,맛집-카페 탐방
53364516,20240424,M,60대,경기도,300이상500만원 미만,가족-지인 등과 시간을 보내기 위해,자기만족-즐거움을 위해,1,4,30,40,20,10,0,국내 여행,맛집-카페 탐방,사진 촬영,음악-라디오 감상,산책-걷기
53364688,20240424,M,50대,대구광역시,300만원 미만,마음의 안정-휴식을 위해,가족-지인 등과 시간을 보내기 위해,2,3,30,0,0,70,0,가족-친지 만남,산책-걷기,종교활동,소풍-피크닉,없음
53364855,20240424,F,30대,대전광역시,500이상700만원 미만,남는 시간을 보내기 위해,대인 관계-교제를 위해,3,6,40,20,20,20,0,낮잠자기,맛집-카페 탐방,요가-필라테스 직접 하기,친구-이성친구 만남,쇼핑
53364910,20240424,F,20대,대구광역시,300만원 미만,마음의 안정-휴식을 위해,없음,3,7,90,0,0,10,0,음악 직접 활동 및 수강하기,없음,없음,없음,없음
53365004,20240424,F,40대,경기도,700만원 이상,가족-지인 등과 시간을 보내기 위해,마음의 안정-휴식을 위해,2,7,20,10,0,70,0,해외여행,연극-뮤지컬 관람,국내 여행,쇼핑,캠핑-차박
53365060,20240424,M,60대,인천광역시,700만원 이상,건강 관리를 위해,가족-지인 등과 시간을 보내기 위해,2,4,30,30,0,10,30,계모임-동창회-사교모임,등산 직접 하기,음악 공연 관람,해외여행,없음
53365356,20240424,M,60대,경기도,300만원 미만,건강 관리를 위해,자기만족-즐거움을 위해,12,12,0,40,30,30,0,자전거-싸이클-산악자전거 직접 타기,골프 직접 하기,라켓스포츠 직접 하기,없음,없음
53365697,20240424,F,30대,경상북도,700만원 이상,가족-지인 등과 시간을 보내기 위해,대인 관계-교제를 위해,2,8,50,20,0,30,0,영상 컨텐츠 시청,산책-걷기,낮잠자기,해외여행,국내 여행
53365758,20240424,F,60대,충청남도,700만원 이상,건강 관리를 위해,자기만족-즐거움을 위해,1,2,60,10,20,10,0,쇼핑,산책-걷기,영상 컨텐츠 시청,음악-라디오 감상,국내 여행
53366027,20240424,F,40대,경상북도,500이상700만원 미만,자기만족-즐거움을 위해,건강 관리를 위해,4,8,30,0,20,50,0,친구-이성친구 만남,게임,걷기-속보-조깅 직접 하기,드라이브,사회봉사활동
53366130,20240424,M,30대,울산광역시,300만원 미만,가족-지인 등과 시간을 보내기 위해,스트레스 해소를 위해,3,8,50,10,10,30,0,게임,친구-이성친구 만남,어학-기술-자격증 취득,만화책 보기,가족-친지 만남
53366155,20240424,M,60대,충청남도,300이상500만원 미만,자기 계발을 위해,스트레스 해소를 위해,5,10,10,30,30,30,0,음주-유흥,친구-이성친구 만남,가족-친지 만남,SNS -인터넷 커뮤니티 활동,국내 여행
53366284,20240424,F,30대,울산광역시,500이상700만원 미만,마음의 안정-휴식을 위해,가족-지인 등과 시간을 보내기 위해,3,8,40,10,10,40,0,SNS -인터넷 커뮤니티 활동,영상 컨텐츠 시청,가족-친지 만남,산책-걷기,수다-잡담하기
53366292,20240424,M,50대,경기도,700만원 이상,가족-지인 등과 시간을 보내기 위해,건강 관리를 위해,2,5,0,100,0,0,0,헬스-보디빌딩 직접 하기,없음,없음,없음,없음
53366395,20240424,M,50대,경기도,700만원 이상,자기만족-즐거움을 위해,마음의 안정-휴식을 위해,1,4,50,10,0,10,30,산책-걷기,맛집-카페 탐방,국내 여행,영화관 관람,친구-이성친구 만남
53366456,20240424,F,30대,대구광역시,300만원 미만,스트레스 해소를 위해,가족-지인 등과 시간을 보내기 위해,2,2,90,0,0,10,0,SNS -인터넷 커뮤니티 활동,쇼핑,국내 여행,드라이브,만화책 보기
53366536,20240424,F,50대,충청북도,300만원 미만,건강 관리를 위해,마음의 안정-휴식을 위해,2,3,40,20,10,30,0,산책-걷기,등산 직접 하기,종교활동,맛집-카페 탐방,쇼핑
53366816,20240424,M,40대,경기도,무응답,스트레스 해소를 위해,마음의 안정-휴식을 위해,2,4,40,30,15,15,0,만화책 보기,낮잠자기,수집,없음,없음
53367047,20240424,F,40대,경상남도,700만원 이상,가족-지인 등과 시간을 보내기 위해,대인 관계-교제를 위해,0,6,50,0,0,50,0,쇼핑,영상 컨텐츠 제작,없음,없음,없음
53367209,20240424,F,40대,울산광역시,500이상700만원 미만,자기만족-즐거움을 위해,가족-지인 등과 시간을 보내기 위해,2,4,50,0,0,0,50,국내 여행,드라이브,맛집-카페 탐방,낮잠자기,없음
53367260,20240424,F,30대,서울특별시,700만원 이상,자기만족-즐거움을 위해,가족-지인 등과 시간을 보내기 위해,2,8,20,50,0,30,0,친구-이성친구 만남,독서,쇼핑,미술관-전시관 관람,산책-걷기
53367444,20240424,F,60대,경상북도,300만원 미만,가족-지인 등과 시간을 보내기 위해,마음의 안정-휴식을 위해,1,3,40,10,20,30,0,종교활동,없음,없음,없음,없음
53367749,20240424,M,30대,인천광역시,300만원 미만,남는 시간을 보내기 위해,없음,1,7,100,0,0,0,0,게임,없음,없음,없음,없음
53368022,20240424,F,20대,서울특별시,무응답,자기만족-즐거움을 위해,스트레스 해소를 위해,4,6,80,5,0,15,0,영상 컨텐츠 시청,SNS -인터넷 커뮤니티 활동,수다-잡담하기,없음,없음
53368150,20240424,F,60대,대구광역시,300이상500만원 미만,자기만족-즐거움을 위해,마음의 안정-휴식을 위해,2,2,40,0,20,40,0,걷기-속보-조깅 직접 하기,가족-친지 만남,요리-베이킹,친구-이성친구 만남,SNS -인터넷 커뮤니티 활동
53368774,20240424,M,30대,서울특별시,300이상500만원 미만,마음의 안정-휴식을 위해,자기만족-즐거움을 위해,6,10,50,50,0,0,0,친구-이성친구 만남,없음,없음,없음,없음
53368899,20240424,F,20대,서울특별시,700만원 이상,마음의 안정-휴식을 위해,가족-지인 등과 시간을 보내기 위해,3,5,80,0,0,20,0,SNS -인터넷 커뮤니티 활동,산책-걷기,영상 컨텐츠 시청,없음,없음
53369211,20240424,M,50대,충청남도,300만원 미만,건강 관리를 위해,없음,2,3,30,0,0,70,0,등산 직접 하기,없음,없음,없음,없음
53369236,20240424,M,60대,경상남도,300만원 미만,마음의 안정-휴식을 위해,건강 관리를 위해,5,8,0,0,50,50,0,독서,SNS -인터넷 커뮤니티 활동,온천-사우나-찜질방,사회봉사활동,종교활동
53369269,20240424,M,20대,경상북도,300만원 미만,자기만족-즐거움을 위해,가족-지인 등과 시간을 보내기 위해,2,4,3,2,5,90,0,e스포츠 영상 시청,수영 직접 하기,해외 프로스포츠 영상 시청,수상레저스포츠 직접 하기,해외여행
53369310,20240424,F,30대,부산광역시,300만원 미만,스트레스 해소를 위해,없음,5,3,80,0,0,20,0,생활공예-원예,없음,없음,없음,없음
53369368,20240424,F,50대,경기도,300이상500만원 미만,건강 관리를 위해,자기만족-즐거움을 위해,5,6,20,30,20,30,0,국내 여행,쇼핑,걷기-속보-조깅 직접 하기,등산 직접 하기,해외여행
53369490,20240424,F,60대,경기도,무응답,건강 관리를 위해,마음의 안정-휴식을 위해,1,4,50,10,10,30,0,걷기-속보-조깅 직접 하기,없음,없음,없음,없음
53369588,20240424,M,30대,광주광역시,300이상500만원 미만,가족-지인 등과 시간을 보내기 위해,자기만족-즐거움을 위해,4,10,40,20,40,0,0,어학-기술-자격증 취득,SNS -인터넷 커뮤니티 활동,영상 컨텐츠 시청,없음,없음
53369639,20240424,M,40대,전라북도,300이상500만원 미만,마음의 안정-휴식을 위해,없음,3,5,10,40,10,40,0,기타 스포츠 영상-현장 관람,없음,없음,없음,없음
53369696,20240424,M,50대,서울특별시,500이상700만원 미만,가족-지인 등과 시간을 보내기 위해,자기만족-즐거움을 위해,3,15,50,0,20,30,0,게임,가족-친지 만남,요리-베이킹,영화관 관람,국내 여행
53369822,20240424,F,50대,서울특별시,300이상500만원 미만,건강 관리를 위해,가족-지인 등과 시간을 보내기 위해,2,3,0,40,30,30,0,국내 여행,걷기-속보-조깅 직접 하기,해외여행,드라이브,해외 프로스포츠 영상 시청
53369895,20240424,F,30대,경상북도,300이상500만원 미만,마음의 안정-휴식을 위해,없음,1,3,100,0,0,0,0,영상 컨텐츠 시청,없음,없음,없음,없음
53370217,20240424,F,50대,경상남도,300이상500만원 미만,스트레스 해소를 위해,남는 시간을 보내기 위해,12,10,80,0,0,20,0,음악-라디오 감상,걷기-속보-조깅 직접 하기,계모임-동창회-사교모임,없음,없음
53370308,20240424,F,20대,부산광역시,500이상700만원 미만,대인 관계-교제를 위해,자기만족-즐거움을 위해,3,8,10,0,30,60,0,영상 컨텐츠 시청,요가-필라테스 직접 하기,게임,없음,없음
53370321,20240424,M,40대,서울특별시,500이상700만원 미만,마음의 안정-휴식을 위해,스트레스 해소를 위해,2,6,30,50,20,0,0,음악-라디오 감상,게임,사진 촬영,캠핑-차박,드라이브
53370405,20240424,F,30대,충청북도,500이상700만원 미만,마음의 안정-휴식을 위해,스트레스 해소를 위해,2,5,70,0,30,0,0,영상 컨텐츠 시청,게임,영화관 관람,음악 공연 관람,반려동물 돌보기
53370451,20240424,F,50대,경기도,300이상500만원 미만,건강 관리를 위해,마음의 안정-휴식을 위해,3,3,30,30,30,10,0,걷기-속보-조깅 직접 하기,등산 직접 하기,쇼핑,없음,없음
53370486,20240424,M,20대,충청남도,무응답,자기만족-즐거움을 위해,자기 계발을 위해,4,14,10,20,60,10,0,어학-기술-자격증 취득,게임,줄넘기-맨손체조-스트레칭 직접 하기,친구-이성친구 만남,수다-잡담하기
53370508,20240424,M,30대,경기도,700만원 이상,자기만족-즐거움을 위해,스트레스 해소를 위해,2,5,20,20,40,20,0,박물관 관람,해외 프로스포츠 영상 시청,수상레저스포츠 직접 하기,가족-친지 만남,소풍-피크닉
53370526,20240424,F,40대,서울특별시,300만원 미만,가족-지인 등과 시간을 보내기 위해,자기 계발을 위해,1,2,10,10,70,10,0,독서,보드게임-퍼즐-바둑-장기-체스 등,소풍-피크닉,국내 여행,라켓스포츠 직접 하기
53370993,20240424,F,50대,경상북도,500이상700만원 미만,가족-지인 등과 시간을 보내기 위해,대인 관계-교제를 위해,2,4,10,0,0,90,0,영화관 관람,없음,없음,없음,없음
53371048,20240424,M,40대,대구광역시,300이상500만원 미만,스트레스 해소를 위해,자기만족-즐거움을 위해,2,5,80,20,0,0,0,만화책 보기,게임,종교활동,캠핑-차박,기타 스포츠 영상-현장 관람
53371069,20240424,F,30대,충청북도,500이상700만원 미만,마음의 안정-휴식을 위해,가족-지인 등과 시간을 보내기 위해,1,4,50,0,0,50,0,SNS -인터넷 커뮤니티 활동,게임,낮잠자기,맛집-카페 탐방,국내 여행
53371582,20240424,F,60대,전라북도,700만원 이상,남는 시간을 보내기 위해,가족-지인 등과 시간을 보내기 위해,3,0,30,20,20,30,0,줄넘기-맨손체조-스트레칭 직접 하기,걷기-속보-조깅 직접 하기,사진 직접 활동 및 수강하기,축제 참가,사회봉사활동
53372175,20240424,M,50대,경기도,300이상500만원 미만,스트레스 해소를 위해,대인 관계-교제를 위해,1,3,30,0,10,60,0,종교활동,등산 직접 하기,국내 여행,없음,없음
53372244,20240424,M,50대,경기도,700만원 이상,스트레스 해소를 위해,자기 계발을 위해,1,3,40,10,10,40,0,국내 프로스포츠 현장 관람,기타 자기계발-자기관리,골프 직접 하기,영화관 관람,국내 프로스포츠 영상 시청
53372247,20240424,M,60대,부산광역시,300이상500만원 미만,자기만족-즐거움을 위해,마음의 안정-휴식을 위해,4,6,60,20,10,10,0,걷기-속보-조깅 직접 하기,드라이브,국내 프로스포츠 영상 시청,줄넘기-맨손체조-스트레칭 직접 하기,등산 직접 하기
53372405,20240424,M,40대,제주특별자치도,500이상700만원 미만,마음의 안정-휴식을 위해,남는 시간을 보내기 위해,1,3,70,30,0,0,0,영상 컨텐츠 시청,게임,인테리어,어학-기술-자격증 취득,친구-이성친구 만남
53372421,20240424,F,50대,서울특별시,300이상500만원 미만,건강 관리를 위해,가족-지인 등과 시간을 보내기 위해,3,18,30,30,10,30,0,계모임-동창회-사교모임,미술 직접 활동 및 수강하기,영화관 관람,반려동물 돌보기,기타 자기계발-자기관리
53372428,20240424,F,50대,경기도,300이상500만원 미만,가족-지인 등과 시간을 보내기 위해,마음의 안정-휴식을 위해,5,6,60,0,0,40,0,가족-친지 만남,쇼핑,게임,수다-잡담하기,산책-걷기
53372468,20240424,F,60대,충청남도,700만원 이상,건강 관리를 위해,가족-지인 등과 시간을 보내기 위해,3,5,20,20,20,20,20,겨울레저스포츠 직접 하기,종교활동,가족-친지 만남,음악-라디오 감상,국내 여행
53372623,20240424,M,50대,서울특별시,300이상500만원 미만,건강 관리를 위해,마음의 안정-휴식을 위해,1,2,80,20,0,0,0,영상 컨텐츠 시청,줄넘기-맨손체조-스트레칭 직접 하기,걷기-속보-조깅 직접 하기,헬스-보디빌딩 직접 하기,게임
53372667,20240424,M,40대,울산광역시,700만원 이상,마음의 안정-휴식을 위해,자기만족-즐거움을 위해,1,8,20,80,0,0,0,산책-걷기,국내 여행,독서,온천-사우나-찜질방,없음
53373055,20240424,F,30대,경기도,500이상700만원 미만,자기만족-즐거움을 위해,가족-지인 등과 시간을 보내기 위해,1,3,50,20,20,10,0,영상 컨텐츠 시청,SNS -인터넷 커뮤니티 활동,골프 영상 시청,골프 직접 하기,게임
53373147,20240424,M,50대,인천광역시,무응답,가족-지인 등과 시간을 보내기 위해,없음,2,4,0,0,0,100,0,국내 여행,없음,없음,없음,없음
53373320,20240424,M,50대,서울특별시,700만원 이상,대인 관계-교제를 위해,건강 관리를 위해,2,5,50,20,10,20,0,골프 영상 시청,골프 직접 하기,등산 직접 하기,소풍-피크닉,음주-유흥
53373345,20240424,F,40대,충청남도,300이상500만원 미만,가족-지인 등과 시간을 보내기 위해,마음의 안정-휴식을 위해,3,10,80,0,0,20,0,산책-걷기,낮잠자기,미술관-전시관 관람,없음,없음
53373646,20240424,M,60대,부산광역시,300만원 미만,남는 시간을 보내기 위해,건강 관리를 위해,3,6,50,0,0,0,50,해외 프로스포츠 영상 시청,없음,없음,없음,없음
53373988,20240424,M,50대,서울특별시,500이상700만원 미만,스트레스 해소를 위해,없음,1,2,20,80,0,0,0,구기스포츠 직접 하기,산책-걷기,없음,없음,없음
53374053,20240424,F,50대,경상북도,300만원 미만,자기만족-즐거움을 위해,건강 관리를 위해,2,5,0,50,0,50,0,등산 직접 하기,걷기-속보-조깅 직접 하기,요가-필라테스 직접 하기,국내 여행,축제 참가
53374136,20240424,F,20대,서울특별시,무응답,자기만족-즐거움을 위해,마음의 안정-휴식을 위해,7,4,60,10,5,25,0,수집,음악-라디오 감상,SNS -인터넷 커뮤니티 활동,산책-걷기,영상 컨텐츠 제작
53374339,20240424,F,60대,전라남도,500이상700만원 미만,마음의 안정-휴식을 위해,건강 관리를 위해,6,6,30,20,30,20,0,산책-걷기,걷기-속보-조깅 직접 하기,독서,드라이브,영화관 관람
53374416,20240424,F,40대,충청남도,700만원 이상,건강 관리를 위해,스트레스 해소를 위해,5,8,30,50,20,0,0,요가-필라테스 직접 하기,쇼핑,줄넘기-맨손체조-스트레칭 직접 하기,영화관 관람,음주-유흥
53374640,20240424,M,40대,경기도,500이상700만원 미만,건강 관리를 위해,가족-지인 등과 시간을 보내기 위해,2,10,15,30,25,30,0,산책-걷기,해외 프로스포츠 영상 시청,수다-잡담하기,라켓스포츠 직접 하기,만화책 보기
53374674,20240424,F,40대,충청북도,700만원 이상,스트레스 해소를 위해,자기만족-즐거움을 위해,3,8,20,60,20,0,0,등산 직접 하기,산책-걷기,독서,국내 여행,쇼핑
53374947,20240424,F,30대,경기도,300만원 미만,대인 관계-교제를 위해,마음의 안정-휴식을 위해,3,1,50,0,0,50,0,영상 컨텐츠 시청,산책-걷기,기타 취미-오락-휴식,계모임-동창회-사교모임,낮잠자기
53375031,20240424,M,50대,광주광역시,300이상500만원 미만,마음의 안정-휴식을 위해,스트레스 해소를 위해,1,2,20,10,50,20,0,영상 컨텐츠 시청,해외 프로스포츠 영상 시청,독서,가족-친지 만남,반려동물 돌보기
53375189,20240424,F,50대,충청북도,300만원 미만,건강 관리를 위해,가족-지인 등과 시간을 보내기 위해,0,5,50,0,0,50,0,가족-친지 만남,없음,없음,없음,없음
53375431,20240424,M,30대,경상남도,300만원 미만,자기만족-즐거움을 위해,가족-지인 등과 시간을 보내기 위해,5,15,80,0,0,20,0,게임,영상 컨텐츠 시청,없음,없음,없음
53375443,20240424,F,40대,광주광역시,300만원 미만,자기만족-즐거움을 위해,가족-지인 등과 시간을 보내기 위해,2,5,40,20,0,40,0,쇼핑,없음,없음,없음,없음
53375545,20240424,F,30대,전라북도,무응답,마음의 안정-휴식을 위해,스트레스 해소를 위해,1,3,99,0,0,1,0,산책-걷기,영상 컨텐츠 시청,만화책 보기,수다-잡담하기,친구-이성친구 만남
53375573,20240424,F,20대,경기도,무응답,스트레스 해소를 위해,마음의 안정-휴식을 위해,8,10,50,20,20,10,0,영상 컨텐츠 시청,SNS -인터넷 커뮤니티 활동,헬스-보디빌딩 직접 하기,걷기-속보-조깅 직접 하기,맛집-카페 탐방
53376074,20240424,M,40대,경기도,300이상500만원 미만,가족-지인 등과 시간을 보내기 위해,스트레스 해소를 위해,2,8,10,0,0,0,90,영상 컨텐츠 시청,기타 사회교류,종교활동,독서,친구-이성친구 만남
53376159,20240424,M,60대,경기도,500이상700만원 미만,건강 관리를 위해,마음의 안정-휴식을 위해,10,10,30,50,20,0,0,등산 직접 하기,종교활동,온천-사우나-찜질방,기타 자기계발-자기관리,없음
53376164,20240424,F,40대,경상북도,500이상700만원 미만,자기 계발을 위해,없음,2,3,20,20,20,40,0,보드게임-퍼즐-바둑-장기-체스 등,산책-걷기,없음,없음,없음
53376270,20240424,F,60대,경기도,500이상700만원 미만,가족-지인 등과 시간을 보내기 위해,없음,5,8,30,10,20,40,0,쇼핑,가족-친지 만남,음악 공연 관람,종교활동,없음
53376303,20240424,M,60대,경상북도,300만원 미만,대인 관계-교제를 위해,건강 관리를 위해,3,3,50,20,10,20,0,온천-사우나-찜질방,산책-걷기,영상 컨텐츠 시청,골프 직접 하기,보드게임-퍼즐-바둑-장기-체스 등
53376306,20240424,F,30대,충청남도,500이상700만원 미만,남는 시간을 보내기 위해,가족-지인 등과 시간을 보내기 위해,1,2,100,0,0,0,0,수다-잡담하기,가족-친지 만남,없음,없음,없음
53376321,20240424,M,40대,경상북도,500이상700만원 미만,가족-지인 등과 시간을 보내기 위해,스트레스 해소를 위해,1,4,10,80,0,10,0,구기스포츠 직접 하기,없음,없음,없음,없음
53376394,20240424,F,50대,경기도,300이상500만원 미만,자기만족-즐거움을 위해,가족-지인 등과 시간을 보내기 위해,5,8,30,20,0,50,0,SNS -인터넷 커뮤니티 활동,음악-라디오 감상,친구-이성친구 만남,걷기-속보-조깅 직접 하기,종교활동
53376627,20240424,F,60대,경기도,500이상700만원 미만,건강 관리를 위해,가족-지인 등과 시간을 보내기 위해,2,2,10,20,10,10,50,종교활동,등산 직접 하기,산책-걷기,국내 여행,낮잠자기
53376640,20240424,M,50대,충청남도,500이상700만원 미만,자기만족-즐거움을 위해,마음의 안정-휴식을 위해,5,12,0,70,0,30,0,라켓스포츠 직접 하기,걷기-속보-조깅 직접 하기,국내 여행,없음,없음
53376890,20240424,M,60대,경기도,300이상500만원 미만,건강 관리를 위해,스트레스 해소를 위해,2,10,20,0,0,40,40,골프 직접 하기,걷기-속보-조깅 직접 하기,산책-걷기,기타 사회교류,국내 여행
53376981,20240424,F,50대,전라북도,무응답,마음의 안정-휴식을 위해,자기 계발을 위해,2,4,0,0,70,30,0,독서,영상 컨텐츠 시청,산책-걷기,영화관 관람,국내 여행
53377016,20240424,M,30대,경상남도,700만원 이상,가족-지인 등과 시간을 보내기 위해,없음,10,10,50,0,0,50,0,영상 컨텐츠 시청,쇼핑,해외여행,없음,없음
53377040,20240424,F,20대,경상남도,무응답,자기만족-즐거움을 위해,마음의 안정-휴식을 위해,4,10,0,0,60,40,0,국내 여행,친구-이성친구 만남,맛집-카페 탐방,영상 컨텐츠 제작,헬스-보디빌딩 직접 하기
53377251,20240424,M,60대,경상북도,300이상500만원 미만,가족-지인 등과 시간을 보내기 위해,스트레스 해소를 위해,4,10,40,0,0,30,30,드라이브,산책-걷기,종교활동,맛집-카페 탐방,낮잠자기
53377405,20240424,F,40대,경상북도,무응답,자기만족-즐거움을 위해,가족-지인 등과 시간을 보내기 위해,4,7,40,30,10,20,0,요가-필라테스 직접 하기,음악 직접 활동 및 수강하기,쇼핑,가족-친지 만남,계모임-동창회-사교모임
53377457,20240424,F,20대,경기도,300이상500만원 미만,가족-지인 등과 시간을 보내기 위해,자기만족-즐거움을 위해,8,10,90,5,5,0,0,영상 컨텐츠 시청,음악-라디오 감상,영화관 관람,쇼핑,만화책 보기
